,_runtime,_step,_timestamp,_wandb,lr_group_0,train_loss,val_accuracy,val_loss,lr,betas,epochs,base_lr,batch_size,wandb_name,fix_embed_lr,lr_scheduler,weight_decay,collect_norms,wandb_project,fix_weight_decay,max_steps_per_epoch,lr_scheduler_warmup_frac,name,best_val_loss,best_train_loss,muP,dim
0,170.235497201,2930,1731389567.7013094,{'runtime': 170},3.0517578125e-05,5.957855224609375,0.1885593980550766,6.25501012802124,3.0517578125e-05,"[0.9, 0.99]",5,0.001,16,transformer_traintest_width_256_std_lr_3.0517578125e-05,False,,0.01,False,mup-transformer-training,False,-1,0.03,transformer_traintest_width_256_std_lr_3.0517578125e-05,6.25501012802124,5.833048343658447,std no scheduler,256
1,285.768826237,2930,1731389890.6990018,{'runtime': 285},3.0517578125e-05,5.754924297332764,0.2036501318216324,5.957951545715332,3.0517578125e-05,"[0.9, 0.99]",5,0.001,16,transformer_traintest_width_512_std_lr_3.0517578125e-05,False,,0.01,False,mup-transformer-training,False,-1,0.03,transformer_traintest_width_512_std_lr_3.0517578125e-05,5.957951545715332,5.333933353424072,std no scheduler,512
2,193.40143922,2930,1731390002.43128,{'runtime': 193},0.0001220703125,5.101914405822754,0.20820368826389313,5.726996421813965,0.0001220703125,"[0.9, 0.99]",5,0.001,16,transformer_traintest_width_256_muP_lr_0.0001220703125,False,,0.01,False,mup-transformer-training,False,-1,0.03,transformer_traintest_width_256_muP_lr_0.0001220703125,5.726996421813965,4.8987298011779785,muP no scheduler,256
3,581.753903345,2930,1731390496.2756655,{'runtime': 581},3.0517578125e-05,4.978245258331299,0.2096418738365173,5.777398586273193,3.0517578125e-05,"[0.9, 0.99]",5,0.001,16,transformer_traintest_width_1024_std_lr_3.0517578125e-05,False,,0.01,False,mup-transformer-training,False,-1,0.03,transformer_traintest_width_1024_std_lr_3.0517578125e-05,5.777398586273193,4.73158597946167,std no scheduler,1024
4,303.369064877,2930,1731390364.0156808,{'runtime': 303},6.103515625e-05,5.439434051513672,0.20743396878242493,5.832702159881592,0.0001220703125,"[0.9, 0.99]",5,0.001,16,transformer_traintest_width_512_muP_lr_0.0001220703125,False,,0.01,False,mup-transformer-training,False,-1,0.03,transformer_traintest_width_512_muP_lr_0.0001220703125,5.832702159881592,5.116530418395996,muP no scheduler,512
5,169.324127312,2930,1731390376.8012354,{'runtime': 169},0.0,5.795694828033447,0.19731405377388,6.014647006988525,0.0001220703125,"[0.9, 0.99]",5,0.001,16,transformer_traintest_width_256_muP+fixRMS+fixEmbedLR+fixUnembed+fixWD_lr_0.0001220703125,True,cosine,0.01,False,mup-transformer-training,True,-1,0.03,transformer_traintest_width_256_muP+fixRMS+fixEmbedLR+fixUnembed+fixWD_lr_0.0001220703125,6.014647006988525,5.384474277496338,muP+fixRMS+fixEmbedLR+fixUnembed+fixWD,256
6,169.011400487,2930,1731390551.0387836,{'runtime': 169},0.0,5.6975603103637695,0.19534516334533691,6.023674011230469,0.0001220703125,"[0.9, 0.99]",5,0.001,16,transformer_traintest_width_256_muP+fixRMS+fixEmbedLR+fixUnembed_lr_0.0001220703125,True,cosine,0.01,False,mup-transformer-training,False,-1,0.03,transformer_traintest_width_256_muP+fixRMS+fixEmbedLR+fixUnembed_lr_0.0001220703125,6.023674011230469,5.327671527862549,muP+fixRMS+fixEmbedLR+fixUnembed,256
7,595.280421165,2930,1731390988.4409578,{'runtime': 595},3.0517578125e-05,5.822932720184326,0.2055785059928894,5.985701560974121,0.0001220703125,"[0.9, 0.99]",5,0.001,16,transformer_traintest_width_1024_muP_lr_0.0001220703125,False,,0.01,False,mup-transformer-training,False,-1,0.03,transformer_traintest_width_1024_muP_lr_0.0001220703125,5.985701560974121,5.37354850769043,muP no scheduler,1024
8,172.295078361,2930,1731390578.0659587,{'runtime': 172},0.0,5.745664596557617,0.19679144024848935,5.979791164398193,0.0001220703125,"[0.9, 0.99]",5,0.001,16,transformer_traintest_width_256_muP_lr_0.0001220703125,False,cosine,0.01,False,mup-transformer-training,False,-1,0.03,transformer_traintest_width_256_muP_lr_0.0001220703125,5.979791164398193,5.314045429229736,muP,256
9,287.638403185,2930,1731390701.6346483,{'runtime': 287},0.0,5.852202892303467,0.19733430445194244,5.991150379180908,0.0001220703125,"[0.9, 0.99]",5,0.001,16,transformer_traintest_width_512_muP+fixRMS+fixEmbedLR+fixUnembed+fixWD_lr_0.0001220703125,True,cosine,0.01,False,mup-transformer-training,True,-1,0.03,transformer_traintest_width_512_muP+fixRMS+fixEmbedLR+fixUnembed+fixWD_lr_0.0001220703125,5.991150379180908,5.261908054351807,muP+fixRMS+fixEmbedLR+fixUnembed+fixWD,512
10,1399.064406235,2930,1731391921.229359,{'runtime': 1399},3.0517578125e-05,4.093698501586914,0.19938421249389648,5.878026962280273,3.0517578125e-05,"[0.9, 0.99]",5,0.001,16,transformer_traintest_width_2048_std_lr_3.0517578125e-05,False,,0.01,False,mup-transformer-training,False,-1,0.03,transformer_traintest_width_2048_std_lr_3.0517578125e-05,5.826022624969482,3.7815632820129395,std no scheduler,2048
11,285.43938698,2930,1731390873.056674,{'runtime': 285},0.0,5.407724857330322,0.19743964076042175,5.989350318908691,0.0001220703125,"[0.9, 0.99]",5,0.001,16,transformer_traintest_width_512_muP+fixRMS+fixEmbedLR+fixUnembed_lr_0.0001220703125,True,cosine,0.01,False,mup-transformer-training,False,-1,0.03,transformer_traintest_width_512_muP+fixRMS+fixEmbedLR+fixUnembed_lr_0.0001220703125,5.989350318908691,5.242823600769043,muP+fixRMS+fixEmbedLR+fixUnembed,512
12,287.456189009,2930,1731390901.9116747,{'runtime': 287},0.0,5.684416770935059,0.19605007767677307,6.131015300750732,0.0001220703125,"[0.9, 0.99]",5,0.001,16,transformer_traintest_width_512_muP_lr_0.0001220703125,False,cosine,0.01,False,mup-transformer-training,False,-1,0.03,transformer_traintest_width_512_muP_lr_0.0001220703125,6.131015300750732,5.5418782234191895,muP,512
13,167.440835999,2930,1731390836.9175413,{'runtime': 167},0.0,5.869964122772217,0.19657672941684723,6.020079612731934,0.0001220703125,"[0.9, 0.99]",5,0.001,16,transformer_traintest_width_256_muP+fixRMS_lr_0.0001220703125,False,cosine,0.01,False,mup-transformer-training,False,-1,0.03,transformer_traintest_width_256_muP+fixRMS_lr_0.0001220703125,6.020079612731934,5.3547821044921875,muP+fixRMS,256
14,166.928971732,2930,1731390836.7739785,{'runtime': 166},0.0,5.61850118637085,0.195385679602623,6.018635272979736,0.0001220703125,"[0.9, 0.99]",5,0.001,16,transformer_traintest_width_256_muP+fixRMS+fixEmbedLR_lr_0.0001220703125,True,cosine,0.01,False,mup-transformer-training,False,-1,0.03,transformer_traintest_width_256_muP+fixRMS+fixEmbedLR_lr_0.0001220703125,6.018635272979736,5.365330219268799,muP+fixRMS+fixEmbedLR,256
15,591.424698128,2930,1731391316.3784635,{'runtime': 591},0.0,5.6253814697265625,0.19933155179023743,5.962642192840576,0.0001220703125,"[0.9, 0.99]",5,0.001,16,transformer_traintest_width_1024_muP+fixRMS+fixEmbedLR+fixUnembed+fixWD_lr_0.0001220703125,True,cosine,0.01,False,mup-transformer-training,True,-1,0.03,transformer_traintest_width_1024_muP+fixRMS+fixEmbedLR+fixUnembed+fixWD_lr_0.0001220703125,5.962642192840576,5.20089054107666,muP+fixRMS+fixEmbedLR+fixUnembed+fixWD,1024
16,281.582019493,2930,1731391153.465262,{'runtime': 281},0.0,5.6946821212768555,0.196199968457222,6.084391117095947,0.0001220703125,"[0.9, 0.99]",5,0.001,16,transformer_traintest_width_512_muP+fixRMS+fixEmbedLR_lr_0.0001220703125,True,cosine,0.01,False,mup-transformer-training,False,-1,0.03,transformer_traintest_width_512_muP+fixRMS+fixEmbedLR_lr_0.0001220703125,6.084391117095947,5.493285655975342,muP+fixRMS+fixEmbedLR,512
17,283.733138352,2930,1731391156.130379,{'runtime': 283},0.0,5.5747833251953125,0.19502106308937073,6.190281391143799,0.0001220703125,"[0.9, 0.99]",5,0.001,16,transformer_traintest_width_512_muP+fixRMS_lr_0.0001220703125,False,cosine,0.01,False,mup-transformer-training,False,-1,0.03,transformer_traintest_width_512_muP+fixRMS_lr_0.0001220703125,6.190281391143799,5.5747833251953125,muP+fixRMS,512
18,587.224302541,2930,1731391482.5701773,{'runtime': 587},0.0,5.365853309631348,0.1980675756931305,5.967568874359131,0.0001220703125,"[0.9, 0.99]",5,0.001,16,transformer_traintest_width_1024_muP+fixRMS+fixEmbedLR+fixUnembed_lr_0.0001220703125,True,cosine,0.01,False,mup-transformer-training,False,-1,0.03,transformer_traintest_width_1024_muP+fixRMS+fixEmbedLR+fixUnembed_lr_0.0001220703125,5.967568874359131,5.093332767486572,muP+fixRMS+fixEmbedLR+fixUnembed,1024
19,584.593744391,2930,1731391509.0941992,{'runtime': 584},0.0,6.149230003356934,0.1917598396539688,6.340089321136475,0.0001220703125,"[0.9, 0.99]",5,0.001,16,transformer_traintest_width_1024_muP_lr_0.0001220703125,False,cosine,0.01,False,mup-transformer-training,False,-1,0.03,transformer_traintest_width_1024_muP_lr_0.0001220703125,6.340089321136475,5.80980920791626,muP,1024
20,1409.486426633,2930,1731392431.2384586,{'runtime': 1409},1.52587890625e-05,5.89411735534668,0.2010735720396042,6.19630765914917,0.0001220703125,"[0.9, 0.99]",5,0.001,16,transformer_traintest_width_2048_muP_lr_0.0001220703125,False,,0.01,False,mup-transformer-training,False,-1,0.03,transformer_traintest_width_2048_muP_lr_0.0001220703125,6.19630765914917,5.617102146148682,muP no scheduler,2048
21,575.11863389,2930,1731391751.7450895,{'runtime': 575},0.0,6.001208782196045,0.19402852654457092,6.172050952911377,0.0001220703125,"[0.9, 0.99]",5,0.001,16,transformer_traintest_width_1024_muP+fixRMS+fixEmbedLR_lr_0.0001220703125,True,cosine,0.01,False,mup-transformer-training,False,-1,0.03,transformer_traintest_width_1024_muP+fixRMS+fixEmbedLR_lr_0.0001220703125,6.172050952911377,5.629660129547119,muP+fixRMS+fixEmbedLR,1024
22,580.599476702,2930,1731391760.927463,{'runtime': 580},0.0,6.378859996795654,0.19143979251384735,6.433410167694092,0.0001220703125,"[0.9, 0.99]",5,0.001,16,transformer_traintest_width_1024_muP+fixRMS_lr_0.0001220703125,False,cosine,0.01,False,mup-transformer-training,False,-1,0.03,transformer_traintest_width_1024_muP+fixRMS_lr_0.0001220703125,6.433410167694092,5.966434478759766,muP+fixRMS,1024
23,1423.145067581,2930,1731392765.6093886,{'runtime': 1423},0.0,5.643707752227783,0.1983592659235001,5.943562030792236,0.0001220703125,"[0.9, 0.99]",5,0.001,16,transformer_traintest_width_2048_muP+fixRMS+fixEmbedLR+fixUnembed+fixWD_lr_0.0001220703125,True,cosine,0.01,False,mup-transformer-training,True,-1,0.03,transformer_traintest_width_2048_muP+fixRMS+fixEmbedLR+fixUnembed+fixWD_lr_0.0001220703125,5.943562030792236,5.050873279571533,muP+fixRMS+fixEmbedLR+fixUnembed+fixWD,2048
24,1416.736718628,2930,1731392924.9761095,{'runtime': 1416},0.0,5.4959716796875,0.19893048703670504,5.944210529327393,0.0001220703125,"[0.9, 0.99]",5,0.001,16,transformer_traintest_width_2048_muP+fixRMS+fixEmbedLR+fixUnembed_lr_0.0001220703125,True,cosine,0.01,False,mup-transformer-training,False,-1,0.03,transformer_traintest_width_2048_muP+fixRMS+fixEmbedLR+fixUnembed_lr_0.0001220703125,5.944210529327393,5.048363208770752,muP+fixRMS+fixEmbedLR+fixUnembed,2048
25,1401.177399042,2930,1731392935.4727304,{'runtime': 1401},0.0,6.539951801300049,0.1908402144908905,6.584092140197754,0.0001220703125,"[0.9, 0.99]",5,0.001,16,transformer_traintest_width_2048_muP_lr_0.0001220703125,False,cosine,0.01,False,mup-transformer-training,False,-1,0.03,transformer_traintest_width_2048_muP_lr_0.0001220703125,6.584092140197754,6.17441987991333,muP,2048
26,1382.558226357,2930,1731393160.3404143,{'runtime': 1382},0.0,5.851077556610107,0.1930319219827652,6.276899814605713,0.0001220703125,"[0.9, 0.99]",5,0.001,16,transformer_traintest_width_2048_muP+fixRMS+fixEmbedLR_lr_0.0001220703125,True,cosine,0.01,False,mup-transformer-training,False,-1,0.03,transformer_traintest_width_2048_muP+fixRMS+fixEmbedLR_lr_0.0001220703125,6.276899814605713,5.776478290557861,muP+fixRMS+fixEmbedLR,2048
27,1396.389704261,2930,1731393182.076988,{'runtime': 1396},0.0,6.744989395141602,0.1879355013370514,6.829310417175293,0.0001220703125,"[0.9, 0.99]",5,0.001,16,transformer_traintest_width_2048_muP+fixRMS_lr_0.0001220703125,False,cosine,0.01,False,mup-transformer-training,False,-1,0.03,transformer_traintest_width_2048_muP+fixRMS_lr_0.0001220703125,6.829310417175293,6.491976261138916,muP+fixRMS,2048
28,170.432632884,2930,1731392114.111264,{'runtime': 170},6.103515625e-05,5.568788528442383,0.2052949219942093,5.907423496246338,6.103515625e-05,"[0.9, 0.99]",5,0.001,16,transformer_traintest_width_256_std_lr_6.103515625e-05,False,,0.01,False,mup-transformer-training,False,-1,0.03,transformer_traintest_width_256_std_lr_6.103515625e-05,5.907423496246338,5.311181545257568,std no scheduler,256
29,286.032370532,2930,1731392422.156842,{'runtime': 286},6.103515625e-05,5.3293986320495605,0.21470993757247925,5.6779069900512695,6.103515625e-05,"[0.9, 0.99]",5,0.001,16,transformer_traintest_width_512_std_lr_6.103515625e-05,False,,0.01,False,mup-transformer-training,False,-1,0.03,transformer_traintest_width_512_std_lr_6.103515625e-05,5.6779069900512695,4.756441593170166,std no scheduler,512
30,582.040787128,2930,1731393028.747717,{'runtime': 582},6.103515625e-05,4.418938159942627,0.21225085854530337,5.6232709884643555,6.103515625e-05,"[0.9, 0.99]",5,0.001,16,transformer_traintest_width_1024_std_lr_6.103515625e-05,False,,0.01,False,mup-transformer-training,False,-1,0.03,transformer_traintest_width_1024_std_lr_6.103515625e-05,5.619831562042236,3.986387014389038,std no scheduler,1024
31,182.659385095,2930,1731392644.506317,{'runtime': 182},0.000244140625,4.807924747467041,0.2191460132598877,5.526425838470459,0.000244140625,"[0.9, 0.99]",5,0.001,16,transformer_traintest_width_256_muP_lr_0.000244140625,False,,0.01,False,mup-transformer-training,False,-1,0.03,transformer_traintest_width_256_muP_lr_0.000244140625,5.526425838470459,4.33162784576416,muP no scheduler,256
32,296.439509909,2930,1731392971.2809646,{'runtime': 296},0.0001220703125,5.237839221954346,0.21546345949172976,5.600522994995117,0.000244140625,"[0.9, 0.99]",5,0.001,16,transformer_traintest_width_512_muP_lr_0.000244140625,False,,0.01,False,mup-transformer-training,False,-1,0.03,transformer_traintest_width_512_muP_lr_0.000244140625,5.600522994995117,4.575346946716309,muP no scheduler,512
33,169.373620782,2930,1731392957.872433,{'runtime': 169},0.0,4.907471656799316,0.20956489443778992,5.753929615020752,0.000244140625,"[0.9, 0.99]",5,0.001,16,transformer_traintest_width_256_muP+fixRMS+fixEmbedLR+fixUnembed+fixWD_lr_0.000244140625,True,cosine,0.01,False,mup-transformer-training,True,-1,0.03,transformer_traintest_width_256_muP+fixRMS+fixEmbedLR+fixUnembed+fixWD_lr_0.000244140625,5.753929615020752,4.850091934204102,muP+fixRMS+fixEmbedLR+fixUnembed+fixWD,256
34,167.665568412,2930,1731393114.8578525,{'runtime': 167},0.0,5.262155055999756,0.20819559693336487,5.762420654296875,0.000244140625,"[0.9, 0.99]",5,0.001,16,transformer_traintest_width_256_muP+fixRMS+fixEmbedLR+fixUnembed_lr_0.000244140625,True,cosine,0.01,False,mup-transformer-training,False,-1,0.03,transformer_traintest_width_256_muP+fixRMS+fixEmbedLR+fixUnembed_lr_0.000244140625,5.762420654296875,4.888876914978027,muP+fixRMS+fixEmbedLR+fixUnembed,256
35,170.259339629,2930,1731393127.8260765,{'runtime': 170},0.0,5.082452297210693,0.2114973217248917,5.70562219619751,0.000244140625,"[0.9, 0.99]",5,0.001,16,transformer_traintest_width_256_muP_lr_0.000244140625,False,cosine,0.01,False,mup-transformer-training,False,-1,0.03,transformer_traintest_width_256_muP_lr_0.000244140625,5.70562219619751,4.6527419090271,muP,256
36,288.192129031,2930,1731393268.600621,{'runtime': 288},0.0,4.849259376525879,0.2120361328125,5.718922138214111,0.000244140625,"[0.9, 0.99]",5,0.001,16,transformer_traintest_width_512_muP+fixRMS+fixEmbedLR+fixUnembed+fixWD_lr_0.000244140625,True,cosine,0.01,False,mup-transformer-training,True,-1,0.03,transformer_traintest_width_512_muP+fixRMS+fixEmbedLR+fixUnembed+fixWD_lr_0.000244140625,5.718922138214111,4.747633457183838,muP+fixRMS+fixEmbedLR+fixUnembed+fixWD,512
37,589.972861775,2930,1731393588.0472546,{'runtime': 589},6.103515625e-05,5.202420234680176,0.21464106440544128,5.704015254974365,0.000244140625,"[0.9, 0.99]",5,0.001,16,transformer_traintest_width_1024_muP_lr_0.000244140625,False,,0.01,False,mup-transformer-training,False,-1,0.03,transformer_traintest_width_1024_muP_lr_0.000244140625,5.704015254974365,4.8136091232299805,muP no scheduler,1024
38,1397.860985988,2930,1731394451.3817165,{'runtime': 1397},6.103515625e-05,3.651479721069336,0.1905444860458374,5.99137020111084,6.103515625e-05,"[0.9, 0.99]",5,0.001,16,transformer_traintest_width_2048_std_lr_6.103515625e-05,False,,0.01,False,mup-transformer-training,False,-1,0.03,transformer_traintest_width_2048_std_lr_6.103515625e-05,5.702737331390381,2.791368007659912,std no scheduler,2048
39,285.874305974,2930,1731393423.8225482,{'runtime': 285},0.0,4.841536521911621,0.21256279945373535,5.721770286560059,0.000244140625,"[0.9, 0.99]",5,0.001,16,transformer_traintest_width_512_muP+fixRMS+fixEmbedLR+fixUnembed_lr_0.000244140625,True,cosine,0.01,False,mup-transformer-training,False,-1,0.03,transformer_traintest_width_512_muP+fixRMS+fixEmbedLR+fixUnembed_lr_0.000244140625,5.721770286560059,4.761641979217529,muP+fixRMS+fixEmbedLR+fixUnembed,512
40,287.1124,2930,1731393438.84721,{'runtime': 287},0.0,5.288527011871338,0.20986469089984897,5.814054489135742,0.000244140625,"[0.9, 0.99]",5,0.001,16,transformer_traintest_width_512_muP_lr_0.000244140625,False,cosine,0.01,False,mup-transformer-training,False,-1,0.03,transformer_traintest_width_512_muP_lr_0.000244140625,5.814054489135742,4.998618125915527,muP,512
41,167.524973203,2930,1731393350.4306688,{'runtime': 167},0.0,5.292907238006592,0.20941095054149628,5.7597832679748535,0.000244140625,"[0.9, 0.99]",5,0.001,16,transformer_traintest_width_256_muP+fixRMS+fixEmbedLR_lr_0.000244140625,True,cosine,0.01,False,mup-transformer-training,False,-1,0.03,transformer_traintest_width_256_muP+fixRMS+fixEmbedLR_lr_0.000244140625,5.7597832679748535,4.873781681060791,muP+fixRMS+fixEmbedLR,256
42,166.756528639,2930,1731393370.6919017,{'runtime': 166},0.0,5.2432074546813965,0.209224596619606,5.754663467407227,0.000244140625,"[0.9, 0.99]",5,0.001,16,transformer_traintest_width_256_muP+fixRMS_lr_0.000244140625,False,cosine,0.01,False,mup-transformer-training,False,-1,0.03,transformer_traintest_width_256_muP+fixRMS_lr_0.000244140625,5.754663467407227,4.85057258605957,muP+fixRMS,256
43,591.200925584,2930,1731393882.7446666,{'runtime': 591},0.0,4.707680702209473,0.2136647254228592,5.695894718170166,0.000244140625,"[0.9, 0.99]",5,0.001,16,transformer_traintest_width_1024_muP+fixRMS+fixEmbedLR+fixUnembed+fixWD_lr_0.000244140625,True,cosine,0.01,False,mup-transformer-training,True,-1,0.03,transformer_traintest_width_1024_muP+fixRMS+fixEmbedLR+fixUnembed+fixWD_lr_0.000244140625,5.695894718170166,4.624761581420898,muP+fixRMS+fixEmbedLR+fixUnembed+fixWD,1024
44,281.704888058,2930,1731393654.9210892,{'runtime': 281},0.0,5.3298726081848145,0.2087019979953766,5.820402145385742,0.000244140625,"[0.9, 0.99]",5,0.001,16,transformer_traintest_width_512_muP+fixRMS+fixEmbedLR_lr_0.000244140625,True,cosine,0.01,False,mup-transformer-training,False,-1,0.03,transformer_traintest_width_512_muP+fixRMS+fixEmbedLR_lr_0.000244140625,5.820402145385742,4.976587772369385,muP+fixRMS+fixEmbedLR,512
45,283.368287751,2930,1731393675.9541533,{'runtime': 283},0.0,5.370218753814697,0.2061416357755661,5.9163994789123535,0.000244140625,"[0.9, 0.99]",5,0.001,16,transformer_traintest_width_512_muP+fixRMS_lr_0.000244140625,False,cosine,0.01,False,mup-transformer-training,False,-1,0.03,transformer_traintest_width_512_muP+fixRMS_lr_0.000244140625,5.9163994789123535,5.187559604644775,muP+fixRMS,512
46,586.953616368,2930,1731394034.374391,{'runtime': 586},0.0,4.692044734954834,0.21371738612651825,5.694624900817871,0.000244140625,"[0.9, 0.99]",5,0.001,16,transformer_traintest_width_1024_muP+fixRMS+fixEmbedLR+fixUnembed_lr_0.000244140625,True,cosine,0.01,False,mup-transformer-training,False,-1,0.03,transformer_traintest_width_1024_muP+fixRMS+fixEmbedLR+fixUnembed_lr_0.000244140625,5.694624900817871,4.606611728668213,muP+fixRMS+fixEmbedLR+fixUnembed,1024
47,584.401019665,2930,1731394047.586934,{'runtime': 584},0.0,5.27837610244751,0.20672094821929932,5.980478763580322,0.000244140625,"[0.9, 0.99]",5,0.001,16,transformer_traintest_width_1024_muP_lr_0.000244140625,False,cosine,0.01,False,mup-transformer-training,False,-1,0.03,transformer_traintest_width_1024_muP_lr_0.000244140625,5.980478763580322,5.195400714874268,muP,1024
48,1404.670042114,2930,1731395024.5105886,{'runtime': 1404},3.0517578125e-05,5.558316707611084,0.20871414244174957,5.87002420425415,0.000244140625,"[0.9, 0.99]",5,0.001,16,transformer_traintest_width_2048_muP_lr_0.000244140625,False,,0.01,False,mup-transformer-training,False,-1,0.03,transformer_traintest_width_2048_muP_lr_0.000244140625,5.87002420425415,4.980915069580078,muP no scheduler,2048
49,575.215173989,2930,1731394253.990898,{'runtime': 575},0.0,5.479910850524902,0.209402859210968,5.873154640197754,0.000244140625,"[0.9, 0.99]",5,0.001,16,transformer_traintest_width_1024_muP+fixRMS+fixEmbedLR_lr_0.000244140625,True,cosine,0.01,False,mup-transformer-training,False,-1,0.03,transformer_traintest_width_1024_muP+fixRMS+fixEmbedLR_lr_0.000244140625,5.873154640197754,5.090129375457764,muP+fixRMS+fixEmbedLR,1024
50,580.156340676,2930,1731394279.7045698,{'runtime': 580},0.0,5.588755130767822,0.20446443557739255,6.103271007537842,0.000244140625,"[0.9, 0.99]",5,0.001,16,transformer_traintest_width_1024_muP+fixRMS_lr_0.000244140625,False,cosine,0.01,False,mup-transformer-training,False,-1,0.03,transformer_traintest_width_1024_muP+fixRMS_lr_0.000244140625,6.103271007537842,5.524386405944824,muP+fixRMS,1024
51,1421.426224642,2930,1731395328.8676789,{'runtime': 1421},0.0,4.480164051055908,0.2134378552436829,5.684125900268555,0.000244140625,"[0.9, 0.99]",5,0.001,16,transformer_traintest_width_2048_muP+fixRMS+fixEmbedLR+fixUnembed+fixWD_lr_0.000244140625,True,cosine,0.01,False,mup-transformer-training,True,-1,0.03,transformer_traintest_width_2048_muP+fixRMS+fixEmbedLR+fixUnembed+fixWD_lr_0.000244140625,5.684125900268555,4.41555643081665,muP+fixRMS+fixEmbedLR+fixUnembed+fixWD,2048
52,1415.211951679,2930,1731395475.4672832,{'runtime': 1415},0.0,5.0189971923828125,0.21455194056034088,5.6779351234436035,0.000244140625,"[0.9, 0.99]",5,0.001,16,transformer_traintest_width_2048_muP+fixRMS+fixEmbedLR+fixUnembed_lr_0.000244140625,True,cosine,0.01,False,mup-transformer-training,False,-1,0.03,transformer_traintest_width_2048_muP+fixRMS+fixEmbedLR+fixUnembed_lr_0.000244140625,5.6778740882873535,4.441612243652344,muP+fixRMS+fixEmbedLR+fixUnembed,2048
53,1399.969652891,2930,1731395472.7868593,{'runtime': 1399},0.0,5.711688995361328,0.20367445051670072,6.181014060974121,0.000244140625,"[0.9, 0.99]",5,0.001,16,transformer_traintest_width_2048_muP_lr_0.000244140625,False,cosine,0.01,False,mup-transformer-training,False,-1,0.03,transformer_traintest_width_2048_muP_lr_0.000244140625,6.181014060974121,5.548637866973877,muP,2048
54,1380.663313953,2930,1731395661.8101747,{'runtime': 1380},0.0,5.55494499206543,0.20758385956287384,5.9720845222473145,0.000244140625,"[0.9, 0.99]",5,0.001,16,transformer_traintest_width_2048_muP+fixRMS+fixEmbedLR_lr_0.000244140625,True,cosine,0.01,False,mup-transformer-training,False,-1,0.03,transformer_traintest_width_2048_muP+fixRMS+fixEmbedLR_lr_0.000244140625,5.9720845222473145,5.2376508712768555,muP+fixRMS+fixEmbedLR,2048
55,1396.240737025,2930,1731395700.5842154,{'runtime': 1396},0.0,6.156651020050049,0.2015354037284851,6.360968112945557,0.000244140625,"[0.9, 0.99]",5,0.001,16,transformer_traintest_width_2048_muP+fixRMS_lr_0.000244140625,False,cosine,0.01,False,mup-transformer-training,False,-1,0.03,transformer_traintest_width_2048_muP+fixRMS_lr_0.000244140625,6.360968112945557,5.769471168518066,muP+fixRMS,2048
56,170.164611838,2930,1731394643.8467553,{'runtime': 170},0.0001220703125,4.812976360321045,0.21577134728431704,5.625701427459717,0.0001220703125,"[0.9, 0.99]",5,0.001,16,transformer_traintest_width_256_std_lr_0.0001220703125,False,,0.01,False,mup-transformer-training,False,-1,0.03,transformer_traintest_width_256_std_lr_0.0001220703125,5.625701427459717,4.760390758514404,std no scheduler,256
57,286.382677512,2930,1731394954.4639635,{'runtime': 286},0.0001220703125,4.3643388748168945,0.22360637784004211,5.468322277069092,0.0001220703125,"[0.9, 0.99]",5,0.001,16,transformer_traintest_width_512_std_lr_0.0001220703125,False,,0.01,False,mup-transformer-training,False,-1,0.03,transformer_traintest_width_512_std_lr_0.0001220703125,5.468322277069092,4.094439506530762,std no scheduler,512
58,583.311136111,2930,1731395561.873187,{'runtime': 583},0.0001220703125,3.383700132369995,0.21160265803337097,5.669195652008057,0.0001220703125,"[0.9, 0.99]",5,0.001,16,transformer_traintest_width_1024_std_lr_0.0001220703125,False,,0.01,False,mup-transformer-training,False,-1,0.03,transformer_traintest_width_1024_std_lr_0.0001220703125,5.514497756958008,3.10369873046875,std no scheduler,1024
59,185.619969466,2930,1731395240.553234,{'runtime': 185},0.00048828125,4.392080783843994,0.2255752682685852,5.475001335144043,0.00048828125,"[0.9, 0.99]",5,0.001,16,transformer_traintest_width_256_muP_lr_0.00048828125,False,,0.01,False,mup-transformer-training,False,-1,0.03,transformer_traintest_width_256_muP_lr_0.00048828125,5.4480977058410645,3.8418126106262207,muP no scheduler,256
60,296.018947282,2930,1731395565.146354,{'runtime': 296},0.000244140625,3.982377767562866,0.22617079317569733,5.437405586242676,0.00048828125,"[0.9, 0.99]",5,0.001,16,transformer_traintest_width_512_muP_lr_0.00048828125,False,,0.01,False,mup-transformer-training,False,-1,0.03,transformer_traintest_width_512_muP_lr_0.00048828125,5.437405586242676,3.982377767562866,muP no scheduler,512
61,169.007482712,2930,1731395519.8923154,{'runtime': 169},0.0,4.773677349090576,0.2241816520690918,5.513734817504883,0.00048828125,"[0.9, 0.99]",5,0.001,16,transformer_traintest_width_256_muP+fixRMS+fixEmbedLR+fixUnembed+fixWD_lr_0.00048828125,True,cosine,0.01,False,mup-transformer-training,True,-1,0.03,transformer_traintest_width_256_muP+fixRMS+fixEmbedLR+fixUnembed+fixWD_lr_0.00048828125,5.513734817504883,4.295215129852295,muP+fixRMS+fixEmbedLR+fixUnembed+fixWD,256
62,171.519042756,2930,1731395666.55216,{'runtime': 171},0.0,4.464180946350098,0.22543348371982577,5.468994617462158,0.00048828125,"[0.9, 0.99]",5,0.001,16,transformer_traintest_width_256_muP_lr_0.00048828125,False,cosine,0.01,False,mup-transformer-training,False,-1,0.03,transformer_traintest_width_256_muP_lr_0.00048828125,5.468120098114014,3.9632458686828613,muP,256
63,169.287196297,2930,1731395671.8886316,{'runtime': 169},0.0,4.754533290863037,0.22312024235725403,5.511936664581299,0.00048828125,"[0.9, 0.99]",5,0.001,16,transformer_traintest_width_256_muP+fixRMS+fixEmbedLR+fixUnembed_lr_0.00048828125,True,cosine,0.01,False,mup-transformer-training,False,-1,0.03,transformer_traintest_width_256_muP+fixRMS+fixEmbedLR+fixUnembed_lr_0.00048828125,5.511936664581299,4.303256988525391,muP+fixRMS+fixEmbedLR+fixUnembed,256
64,286.930109511,2930,1731395829.1935625,{'runtime': 286},0.0,4.542389392852783,0.2260897755622864,5.479127407073975,0.00048828125,"[0.9, 0.99]",5,0.001,16,transformer_traintest_width_512_muP+fixRMS+fixEmbedLR+fixUnembed+fixWD_lr_0.00048828125,True,cosine,0.01,False,mup-transformer-training,True,-1,0.03,transformer_traintest_width_512_muP+fixRMS+fixEmbedLR+fixUnembed+fixWD_lr_0.00048828125,5.477928161621094,4.205755233764648,muP+fixRMS+fixEmbedLR+fixUnembed+fixWD,512
65,1396.882816759,2930,1731396984.5911293,{'runtime': 1396},0.0001220703125,2.846479654312134,0.2013085335493088,6.092207908630371,0.0001220703125,"[0.9, 0.99]",5,0.001,16,transformer_traintest_width_2048_std_lr_0.0001220703125,False,,0.01,False,mup-transformer-training,False,-1,0.03,transformer_traintest_width_2048_std_lr_0.0001220703125,5.501250743865967,2.322728157043457,std no scheduler,2048
66,589.095032707,2930,1731396179.5770135,{'runtime': 589},0.0001220703125,4.511160850524902,0.2222532778978348,5.483373165130615,0.00048828125,"[0.9, 0.99]",5,0.001,16,transformer_traintest_width_1024_muP_lr_0.00048828125,False,,0.01,False,mup-transformer-training,False,-1,0.03,transformer_traintest_width_1024_muP_lr_0.00048828125,5.483373165130615,4.145730972290039,muP no scheduler,1024
67,167.585805685,2930,1731395852.0294652,{'runtime': 167},0.0,4.299253940582275,0.22451791167259216,5.507477283477783,0.00048828125,"[0.9, 0.99]",5,0.001,16,transformer_traintest_width_256_muP+fixRMS+fixEmbedLR_lr_0.00048828125,True,cosine,0.01,False,mup-transformer-training,False,-1,0.03,transformer_traintest_width_256_muP+fixRMS+fixEmbedLR_lr_0.00048828125,5.507477283477783,4.264085292816162,muP+fixRMS+fixEmbedLR,256
68,287.282859716,2930,1731395977.4879613,{'runtime': 287},0.0,4.318111896514893,0.2201385498046875,5.569334506988525,0.00048828125,"[0.9, 0.99]",5,0.001,16,transformer_traintest_width_512_muP_lr_0.00048828125,False,cosine,0.01,False,mup-transformer-training,False,-1,0.03,transformer_traintest_width_512_muP_lr_0.00048828125,5.569334506988525,4.318111896514893,muP,512
69,286.334846142,2930,1731395979.988708,{'runtime': 286},0.0,4.588249683380127,0.22659212350845337,5.472416877746582,0.00048828125,"[0.9, 0.99]",5,0.001,16,transformer_traintest_width_512_muP+fixRMS+fixEmbedLR+fixUnembed_lr_0.00048828125,True,cosine,0.01,False,mup-transformer-training,False,-1,0.03,transformer_traintest_width_512_muP+fixRMS+fixEmbedLR+fixUnembed_lr_0.00048828125,5.470476150512695,4.1961588859558105,muP+fixRMS+fixEmbedLR+fixUnembed,512
70,167.992016288,2930,1731395890.7703164,{'runtime': 167},0.0,4.83644962310791,0.22369956970214844,5.517926216125488,0.00048828125,"[0.9, 0.99]",5,0.001,16,transformer_traintest_width_256_muP+fixRMS_lr_0.00048828125,False,cosine,0.01,False,mup-transformer-training,False,-1,0.03,transformer_traintest_width_256_muP+fixRMS_lr_0.00048828125,5.517926216125488,4.202758312225342,muP+fixRMS,256
71,589.994414893,2930,1731396442.3381338,{'runtime': 589},0.0,4.42687463760376,0.22625182569026947,5.470787048339844,0.00048828125,"[0.9, 0.99]",5,0.001,16,transformer_traintest_width_1024_muP+fixRMS+fixEmbedLR+fixUnembed+fixWD_lr_0.00048828125,True,cosine,0.01,False,mup-transformer-training,True,-1,0.03,transformer_traintest_width_1024_muP+fixRMS+fixEmbedLR+fixUnembed+fixWD_lr_0.00048828125,5.463897705078125,4.010676383972168,muP+fixRMS+fixEmbedLR+fixUnembed+fixWD,1024
72,281.871910805,2930,1731396156.518332,{'runtime': 281},0.0,4.98430061340332,0.22228974103927612,5.558335304260254,0.00048828125,"[0.9, 0.99]",5,0.001,16,transformer_traintest_width_512_muP+fixRMS+fixEmbedLR_lr_0.00048828125,True,cosine,0.01,False,mup-transformer-training,False,-1,0.03,transformer_traintest_width_512_muP+fixRMS+fixEmbedLR_lr_0.00048828125,5.557162761688232,4.445924282073975,muP+fixRMS+fixEmbedLR,512
73,283.872138012,2930,1731396197.268324,{'runtime': 283},0.0,4.778013229370117,0.21560929715633392,5.670976638793945,0.00048828125,"[0.9, 0.99]",5,0.001,16,transformer_traintest_width_512_muP+fixRMS_lr_0.00048828125,False,cosine,0.01,False,mup-transformer-training,False,-1,0.03,transformer_traintest_width_512_muP+fixRMS_lr_0.00048828125,5.670976638793945,4.600098133087158,muP+fixRMS,512
74,584.627289355,2930,1731396589.1537158,{'runtime': 584},0.0,5.0277099609375,0.218258798122406,5.673976898193359,0.00048828125,"[0.9, 0.99]",5,0.001,16,transformer_traintest_width_1024_muP_lr_0.00048828125,False,cosine,0.01,False,mup-transformer-training,False,-1,0.03,transformer_traintest_width_1024_muP_lr_0.00048828125,5.673679828643799,4.64291524887085,muP,1024
75,587.388078166,2930,1731396591.4607165,{'runtime': 587},0.0,4.2419843673706055,0.225810244679451,5.469327926635742,0.00048828125,"[0.9, 0.99]",5,0.001,16,transformer_traintest_width_1024_muP+fixRMS+fixEmbedLR+fixUnembed_lr_0.00048828125,True,cosine,0.01,False,mup-transformer-training,False,-1,0.03,transformer_traintest_width_1024_muP+fixRMS+fixEmbedLR+fixUnembed_lr_0.00048828125,5.460659027099609,3.787222146987915,muP+fixRMS+fixEmbedLR+fixUnembed,1024
76,574.024635345,2930,1731396753.832424,{'runtime': 574},0.0,4.807579040527344,0.2206692546606064,5.62648344039917,0.00048828125,"[0.9, 0.99]",5,0.001,16,transformer_traintest_width_1024_muP+fixRMS+fixEmbedLR_lr_0.00048828125,True,cosine,0.01,False,mup-transformer-training,False,-1,0.03,transformer_traintest_width_1024_muP+fixRMS+fixEmbedLR_lr_0.00048828125,5.619770526885986,4.460879802703857,muP+fixRMS+fixEmbedLR,1024
77,1401.52922877,2930,1731397612.662057,{'runtime': 1401},6.103515625e-05,4.660114288330078,0.21784557402133944,5.613822937011719,0.00048828125,"[0.9, 0.99]",5,0.001,16,transformer_traintest_width_2048_muP_lr_0.00048828125,False,,0.01,False,mup-transformer-training,False,-1,0.03,transformer_traintest_width_2048_muP_lr_0.00048828125,5.613822937011719,4.253545761108398,muP no scheduler,2048
78,580.361428203,2930,1731396800.292896,{'runtime': 580},0.0,5.351705551147461,0.2135634422302246,5.829011917114258,0.00048828125,"[0.9, 0.99]",5,0.001,16,transformer_traintest_width_1024_muP+fixRMS_lr_0.00048828125,False,cosine,0.01,False,mup-transformer-training,False,-1,0.03,transformer_traintest_width_1024_muP+fixRMS_lr_0.00048828125,5.828212738037109,4.903168201446533,muP+fixRMS,1024
79,1419.447260463,2930,1731397887.9257977,{'runtime': 1419},0.0,4.187413215637207,0.22636525332927704,5.4624409675598145,0.00048828125,"[0.9, 0.99]",5,0.001,16,transformer_traintest_width_2048_muP+fixRMS+fixEmbedLR+fixUnembed+fixWD_lr_0.00048828125,True,cosine,0.01,False,mup-transformer-training,True,-1,0.03,transformer_traintest_width_2048_muP+fixRMS+fixEmbedLR+fixUnembed+fixWD_lr_0.00048828125,5.445973873138428,3.691770553588867,muP+fixRMS+fixEmbedLR+fixUnembed+fixWD,2048
80,1398.71340046,2930,1731398013.1508095,{'runtime': 1398},0.0,5.328784942626953,0.21618051826953888,5.8275837898254395,0.00048828125,"[0.9, 0.99]",5,0.001,16,transformer_traintest_width_2048_muP_lr_0.00048828125,False,cosine,0.01,False,mup-transformer-training,False,-1,0.03,transformer_traintest_width_2048_muP_lr_0.00048828125,5.8239874839782715,4.7194366455078125,muP,2048
81,1412.002712655,2930,1731398028.3927126,{'runtime': 1412},0.0,4.364155292510986,0.22567249834537503,5.464972496032715,0.00048828125,"[0.9, 0.99]",5,0.001,16,transformer_traintest_width_2048_muP+fixRMS+fixEmbedLR+fixUnembed_lr_0.00048828125,True,cosine,0.01,False,mup-transformer-training,False,-1,0.03,transformer_traintest_width_2048_muP+fixRMS+fixEmbedLR+fixUnembed_lr_0.00048828125,5.45088529586792,3.5613174438476562,muP+fixRMS+fixEmbedLR+fixUnembed,2048
82,1379.94120891,2930,1731398158.1470728,{'runtime': 1379},0.0,4.939568519592285,0.2186882197856903,5.709365367889404,0.00048828125,"[0.9, 0.99]",5,0.001,16,transformer_traintest_width_2048_muP+fixRMS+fixEmbedLR_lr_0.00048828125,True,cosine,0.01,False,mup-transformer-training,False,-1,0.03,transformer_traintest_width_2048_muP+fixRMS+fixEmbedLR_lr_0.00048828125,5.697277545928955,4.609661102294922,muP+fixRMS+fixEmbedLR,2048
83,1395.436875761,2930,1731398219.9803634,{'runtime': 1395},0.0,5.562005996704102,0.21048451960086825,6.04903507232666,0.00048828125,"[0.9, 0.99]",5,0.001,16,transformer_traintest_width_2048_muP+fixRMS_lr_0.00048828125,False,cosine,0.01,False,mup-transformer-training,False,-1,0.03,transformer_traintest_width_2048_muP+fixRMS_lr_0.00048828125,6.044586181640625,5.175565242767334,muP+fixRMS,2048
84,170.2542367,2930,1731397177.2842195,{'runtime': 170},0.000244140625,4.448400020599365,0.23085804283618927,5.395095348358154,0.000244140625,"[0.9, 0.99]",5,0.001,16,transformer_traintest_width_256_std_lr_0.000244140625,False,,0.01,False,mup-transformer-training,False,-1,0.03,transformer_traintest_width_256_std_lr_0.000244140625,5.395095348358154,4.095580577850342,std no scheduler,256
85,286.865866144,2930,1731397488.012354,{'runtime': 286},0.000244140625,3.917299270629883,0.23174120485782623,5.43499231338501,0.000244140625,"[0.9, 0.99]",5,0.001,16,transformer_traintest_width_512_std_lr_0.000244140625,False,,0.01,False,mup-transformer-training,False,-1,0.03,transformer_traintest_width_512_std_lr_0.000244140625,5.338311672210693,3.2771317958831787,std no scheduler,512
86,582.418945803,2930,1731398094.9766643,{'runtime': 582},0.000244140625,3.2004075050354004,0.2223140448331833,5.716525077819824,0.000244140625,"[0.9, 0.99]",5,0.001,16,transformer_traintest_width_1024_std_lr_0.000244140625,False,,0.01,False,mup-transformer-training,False,-1,0.03,transformer_traintest_width_1024_std_lr_0.000244140625,5.381558895111084,2.968937873840332,std no scheduler,1024
87,180.173868583,2930,1731397819.7201374,{'runtime': 180},0.0009765625,4.289599895477295,0.2248582094907761,5.5553154945373535,0.0009765625,"[0.9, 0.99]",5,0.001,16,transformer_traintest_width_256_muP_lr_0.0009765625,False,,0.01,False,mup-transformer-training,False,-1,0.03,transformer_traintest_width_256_muP_lr_0.0009765625,5.4942121505737305,3.5817506313323975,muP no scheduler,256
88,294.296202792,2930,1731398140.5983176,{'runtime': 294},0.00048828125,3.7303659915924072,0.22821666300296783,5.467352867126465,0.0009765625,"[0.9, 0.99]",5,0.001,16,transformer_traintest_width_512_muP_lr_0.0009765625,False,,0.01,False,mup-transformer-training,False,-1,0.03,transformer_traintest_width_512_muP_lr_0.0009765625,5.431281566619873,3.626601457595825,muP no scheduler,512
89,168.756440601,2930,1731398079.4067464,{'runtime': 168},0.0,4.484593868255615,0.23093096911907196,5.393320083618164,0.0009765625,"[0.9, 0.99]",5,0.001,16,transformer_traintest_width_256_muP+fixRMS+fixEmbedLR+fixUnembed+fixWD_lr_0.0009765625,True,cosine,0.01,False,mup-transformer-training,True,-1,0.03,transformer_traintest_width_256_muP+fixRMS+fixEmbedLR+fixUnembed+fixWD_lr_0.0009765625,5.3857879638671875,3.9100141525268555,muP+fixRMS+fixEmbedLR+fixUnembed+fixWD,256
90,171.171303772,2930,1731398206.932927,{'runtime': 171},0.0,3.794231653213501,0.23245422542095184,5.412813663482666,0.0009765625,"[0.9, 0.99]",5,0.001,16,transformer_traintest_width_256_muP_lr_0.0009765625,False,cosine,0.01,False,mup-transformer-training,False,-1,0.03,transformer_traintest_width_256_muP_lr_0.0009765625,5.402327537536621,3.513317823410034,muP,256
91,169.412843255,2930,1731398219.9736922,{'runtime': 169},0.0,4.021899223327637,0.23072031140327456,5.392795085906982,0.0009765625,"[0.9, 0.99]",5,0.001,16,transformer_traintest_width_256_muP+fixRMS+fixEmbedLR+fixUnembed_lr_0.0009765625,True,cosine,0.01,False,mup-transformer-training,False,-1,0.03,transformer_traintest_width_256_muP+fixRMS+fixEmbedLR+fixUnembed_lr_0.0009765625,5.386033535003662,3.9299376010894775,muP+fixRMS+fixEmbedLR+fixUnembed,256
92,287.226698419,2930,1731398390.9042623,{'runtime': 287},0.0,3.914629220962525,0.23526576161384585,5.328770160675049,0.0009765625,"[0.9, 0.99]",5,0.001,16,transformer_traintest_width_512_muP+fixRMS+fixEmbedLR+fixUnembed+fixWD_lr_0.0009765625,True,cosine,0.01,False,mup-transformer-training,True,-1,0.03,transformer_traintest_width_512_muP+fixRMS+fixEmbedLR+fixUnembed+fixWD_lr_0.0009765625,5.3140692710876465,3.62721848487854,muP+fixRMS+fixEmbedLR+fixUnembed+fixWD,512
93,1395.032816972,2930,1731399515.417313,{'runtime': 1395},0.000244140625,3.618406057357788,0.2291281819343567,5.619773864746094,0.000244140625,"[0.9, 0.99]",5,0.001,16,transformer_traintest_width_2048_std_lr_0.000244140625,False,,0.01,False,mup-transformer-training,False,-1,0.03,transformer_traintest_width_2048_std_lr_0.000244140625,5.464071273803711,3.204165458679199,std no scheduler,2048
94,587.027209024,2930,1731398755.0104785,{'runtime': 587},0.000244140625,3.8891735076904297,0.2270418107509613,5.418833255767822,0.0009765625,"[0.9, 0.99]",5,0.001,16,transformer_traintest_width_1024_muP_lr_0.0009765625,False,,0.01,False,mup-transformer-training,False,-1,0.03,transformer_traintest_width_1024_muP_lr_0.0009765625,5.402865409851074,3.4605631828308105,muP no scheduler,1024
95,167.7173553,2930,1731398348.842318,{'runtime': 167},0.0,4.488171100616455,0.2318911105394363,5.391304969787598,0.0009765625,"[0.9, 0.99]",5,0.001,16,transformer_traintest_width_256_muP+fixRMS+fixEmbedLR_lr_0.0009765625,True,cosine,0.01,False,mup-transformer-training,False,-1,0.03,transformer_traintest_width_256_muP+fixRMS+fixEmbedLR_lr_0.0009765625,5.383997917175293,3.8621866703033447,muP+fixRMS+fixEmbedLR,256
96,286.795498187,2930,1731398516.876708,{'runtime': 286},0.0,4.470479965209961,0.23162777721881864,5.386233329772949,0.0009765625,"[0.9, 0.99]",5,0.001,16,transformer_traintest_width_512_muP_lr_0.0009765625,False,cosine,0.01,False,mup-transformer-training,False,-1,0.03,transformer_traintest_width_512_muP_lr_0.0009765625,5.3789143562316895,3.6996259689331055,muP,512
97,286.417364302,2930,1731398529.9108608,{'runtime': 286},0.0,4.267805099487305,0.23526981472969055,5.331061363220215,0.0009765625,"[0.9, 0.99]",5,0.001,16,transformer_traintest_width_512_muP+fixRMS+fixEmbedLR+fixUnembed_lr_0.0009765625,True,cosine,0.01,False,mup-transformer-training,False,-1,0.03,transformer_traintest_width_512_muP+fixRMS+fixEmbedLR+fixUnembed_lr_0.0009765625,5.316655158996582,3.640211820602417,muP+fixRMS+fixEmbedLR+fixUnembed,512
98,168.03886643,2930,1731398410.7903368,{'runtime': 168},0.0,4.19961404800415,0.23061902821063995,5.393974781036377,0.0009765625,"[0.9, 0.99]",5,0.001,16,transformer_traintest_width_256_muP+fixRMS_lr_0.0009765625,False,cosine,0.01,False,mup-transformer-training,False,-1,0.03,transformer_traintest_width_256_muP+fixRMS_lr_0.0009765625,5.386824131011963,3.7950282096862793,muP+fixRMS,256
99,280.677905229,2930,1731398651.4388232,{'runtime': 280},0.0,4.285933017730713,0.2335196882486343,5.371812343597412,0.0009765625,"[0.9, 0.99]",5,0.001,16,transformer_traintest_width_512_muP+fixRMS+fixEmbedLR_lr_0.0009765625,True,cosine,0.01,False,mup-transformer-training,False,-1,0.03,transformer_traintest_width_512_muP+fixRMS+fixEmbedLR_lr_0.0009765625,5.362677097320557,3.895029306411743,muP+fixRMS+fixEmbedLR,512
100,590.144876704,2930,1731399003.688726,{'runtime': 590},0.0,3.8843183517456055,0.2357519119977951,5.317174911499023,0.0009765625,"[0.9, 0.99]",5,0.001,16,transformer_traintest_width_1024_muP+fixRMS+fixEmbedLR+fixUnembed+fixWD_lr_0.0009765625,True,cosine,0.01,False,mup-transformer-training,True,-1,0.03,transformer_traintest_width_1024_muP+fixRMS+fixEmbedLR+fixUnembed+fixWD_lr_0.0009765625,5.291012287139893,3.4194812774658203,muP+fixRMS+fixEmbedLR+fixUnembed+fixWD,1024
101,283.836251223,2930,1731398717.0824685,{'runtime': 283},0.0,4.4511895179748535,0.22965078055858612,5.430421829223633,0.0009765625,"[0.9, 0.99]",5,0.001,16,transformer_traintest_width_512_muP+fixRMS_lr_0.0009765625,False,cosine,0.01,False,mup-transformer-training,False,-1,0.03,transformer_traintest_width_512_muP+fixRMS_lr_0.0009765625,5.425131797790527,4.133860111236572,muP+fixRMS,512
102,584.330572474,2930,1731399125.3900468,{'runtime': 584},0.0,3.82985520362854,0.22700129449367523,5.456010341644287,0.0009765625,"[0.9, 0.99]",5,0.001,16,transformer_traintest_width_1024_muP_lr_0.0009765625,False,cosine,0.01,False,mup-transformer-training,False,-1,0.03,transformer_traintest_width_1024_muP_lr_0.0009765625,5.443436622619629,3.82985520362854,muP,1024
103,587.217792799,2930,1731399141.963303,{'runtime': 587},0.0,3.961643695831299,0.23517663776874545,5.329312324523926,0.0009765625,"[0.9, 0.99]",5,0.001,16,transformer_traintest_width_1024_muP+fixRMS+fixEmbedLR+fixUnembed_lr_0.0009765625,True,cosine,0.01,False,mup-transformer-training,False,-1,0.03,transformer_traintest_width_1024_muP+fixRMS+fixEmbedLR+fixUnembed_lr_0.0009765625,5.302272796630859,3.400825023651123,muP+fixRMS+fixEmbedLR+fixUnembed,1024
104,574.591496204,2930,1731399249.082935,{'runtime': 574},0.0,3.9113616943359375,0.2324015498161316,5.414539337158203,0.0009765625,"[0.9, 0.99]",5,0.001,16,transformer_traintest_width_1024_muP+fixRMS+fixEmbedLR_lr_0.0009765625,True,cosine,0.01,False,mup-transformer-training,False,-1,0.03,transformer_traintest_width_1024_muP+fixRMS+fixEmbedLR_lr_0.0009765625,5.3912763595581055,3.9113616943359375,muP+fixRMS+fixEmbedLR,1024
105,580.661740413,2930,1731399322.5804884,{'runtime': 580},0.0,5.003546714782715,0.22226138412952423,5.604829788208008,0.0009765625,"[0.9, 0.99]",5,0.001,16,transformer_traintest_width_1024_muP+fixRMS_lr_0.0009765625,False,cosine,0.01,False,mup-transformer-training,False,-1,0.03,transformer_traintest_width_1024_muP+fixRMS_lr_0.0009765625,5.592966079711914,4.405559539794922,muP+fixRMS,1024
106,1399.87692921,2930,1731400189.7248013,{'runtime': 1399},0.0001220703125,3.882025003433227,0.21728244423866272,5.521906852722168,0.0009765625,"[0.9, 0.99]",5,0.001,16,transformer_traintest_width_2048_muP_lr_0.0009765625,False,,0.01,False,mup-transformer-training,False,-1,0.03,transformer_traintest_width_2048_muP_lr_0.0009765625,5.478907585144043,3.709693193435669,muP no scheduler,2048
107,1417.574794697,2930,1731400445.8796782,{'runtime': 1417},0.0,3.505906105041504,0.23155485093593595,5.35945987701416,0.0009765625,"[0.9, 0.99]",5,0.001,16,transformer_traintest_width_2048_muP+fixRMS+fixEmbedLR+fixUnembed+fixWD_lr_0.0009765625,True,cosine,0.01,False,mup-transformer-training,True,-1,0.03,transformer_traintest_width_2048_muP+fixRMS+fixEmbedLR+fixUnembed+fixWD_lr_0.0009765625,5.292659282684326,3.1184043884277344,muP+fixRMS+fixEmbedLR+fixUnembed+fixWD,2048
108,1397.349072906,2930,1731400548.6130347,{'runtime': 1397},0.0,4.503927230834961,0.22392238676548004,5.573458194732666,0.0009765625,"[0.9, 0.99]",5,0.001,16,transformer_traintest_width_2048_muP_lr_0.0009765625,False,cosine,0.01,False,mup-transformer-training,False,-1,0.03,transformer_traintest_width_2048_muP_lr_0.0009765625,5.546656608581543,4.076513767242432,muP,2048
109,1410.596014455,2930,1731400576.7303395,{'runtime': 1410},0.0,3.3146660327911377,0.23216253519058228,5.363889694213867,0.0009765625,"[0.9, 0.99]",5,0.001,16,transformer_traintest_width_2048_muP+fixRMS+fixEmbedLR+fixUnembed_lr_0.0009765625,True,cosine,0.01,False,mup-transformer-training,False,-1,0.03,transformer_traintest_width_2048_muP+fixRMS+fixEmbedLR+fixUnembed_lr_0.0009765625,5.304265022277832,3.0723063945770264,muP+fixRMS+fixEmbedLR+fixUnembed,2048
110,1376.955606575,2930,1731400652.1154933,{'runtime': 1376},0.0,4.5160932540893555,0.22725652158260343,5.5063700675964355,0.0009765625,"[0.9, 0.99]",5,0.001,16,transformer_traintest_width_2048_muP+fixRMS+fixEmbedLR_lr_0.0009765625,True,cosine,0.01,False,mup-transformer-training,False,-1,0.03,transformer_traintest_width_2048_muP+fixRMS+fixEmbedLR_lr_0.0009765625,5.469724178314209,4.098727703094482,muP+fixRMS+fixEmbedLR,2048
111,1392.882171211,2930,1731400740.060114,{'runtime': 1392},0.0,5.400916576385498,0.21706368029117584,5.800033092498779,0.0009765625,"[0.9, 0.99]",5,0.001,16,transformer_traintest_width_2048_muP+fixRMS_lr_0.0009765625,False,cosine,0.01,False,mup-transformer-training,False,-1,0.03,transformer_traintest_width_2048_muP+fixRMS_lr_0.0009765625,5.774210453033447,4.648240089416504,muP+fixRMS,2048
112,169.886931619,2930,1731399708.3311398,{'runtime': 169},0.00048828125,3.9771337509155273,0.2388470321893692,5.407835006713867,0.00048828125,"[0.9, 0.99]",5,0.001,16,transformer_traintest_width_256_std_lr_0.00048828125,False,,0.01,False,mup-transformer-training,False,-1,0.03,transformer_traintest_width_256_std_lr_0.00048828125,5.340033054351807,3.595043182373047,std no scheduler,256
113,285.973540066,2930,1731400017.2185628,{'runtime': 285},0.00048828125,3.554378032684326,0.23238129913806915,5.606505870819092,0.00048828125,"[0.9, 0.99]",5,0.001,16,transformer_traintest_width_512_std_lr_0.00048828125,False,,0.01,False,mup-transformer-training,False,-1,0.03,transformer_traintest_width_512_std_lr_0.00048828125,5.328954696655273,2.972429037094116,std no scheduler,512
114,582.6896283,2930,1731400623.7694974,{'runtime': 582},0.00048828125,3.846057653427124,0.2354156523942947,5.513430595397949,0.00048828125,"[0.9, 0.99]",5,0.001,16,transformer_traintest_width_1024_std_lr_0.00048828125,False,,0.01,False,mup-transformer-training,False,-1,0.03,transformer_traintest_width_1024_std_lr_0.00048828125,5.421757698059082,3.372030019760132,std no scheduler,1024
115,181.079884194,2930,1731400399.9588385,{'runtime': 181},0.001953125,4.619515419006348,0.2223019003868103,5.556190013885498,0.001953125,"[0.9, 0.99]",5,0.001,16,transformer_traintest_width_256_muP_lr_0.001953125,False,,0.01,False,mup-transformer-training,False,-1,0.03,transformer_traintest_width_256_muP_lr_0.001953125,5.556190013885498,4.239335060119629,muP no scheduler,256
116,294.860122543,2930,1731400723.2882445,{'runtime': 294},0.0009765625,4.123563289642334,0.22712688148021695,5.526065826416016,0.001953125,"[0.9, 0.99]",5,0.001,16,transformer_traintest_width_512_muP_lr_0.001953125,False,,0.01,False,mup-transformer-training,False,-1,0.03,transformer_traintest_width_512_muP_lr_0.001953125,5.479104995727539,3.70135498046875,muP no scheduler,512
117,169.069036556,2930,1731400637.569308,{'runtime': 169},0.0,3.686713218688965,0.23305785655975345,5.385878086090088,0.001953125,"[0.9, 0.99]",5,0.001,16,transformer_traintest_width_256_muP+fixRMS+fixEmbedLR+fixUnembed+fixWD_lr_0.001953125,True,cosine,0.01,False,mup-transformer-training,True,-1,0.03,transformer_traintest_width_256_muP+fixRMS+fixEmbedLR+fixUnembed+fixWD_lr_0.001953125,5.366339683532715,3.649151086807251,muP+fixRMS+fixEmbedLR+fixUnembed+fixWD,256
118,170.412064575,2930,1731400741.7478895,{'runtime': 170},0.0,3.92814564704895,0.23128342628479004,5.493332386016846,0.001953125,"[0.9, 0.99]",5,0.001,16,transformer_traintest_width_256_muP_lr_0.001953125,False,cosine,0.01,False,mup-transformer-training,False,-1,0.03,transformer_traintest_width_256_muP_lr_0.001953125,5.44235372543335,3.420883893966675,muP,256
119,169.269385781,2930,1731400767.8584788,{'runtime': 169},0.0,3.6563479900360103,0.23285529017448425,5.391322612762451,0.001953125,"[0.9, 0.99]",5,0.001,16,transformer_traintest_width_256_muP+fixRMS+fixEmbedLR+fixUnembed_lr_0.001953125,True,cosine,0.01,False,mup-transformer-training,False,-1,0.03,transformer_traintest_width_256_muP+fixRMS+fixEmbedLR+fixUnembed_lr_0.001953125,5.374572277069092,3.6196913719177246,muP+fixRMS+fixEmbedLR+fixUnembed,256
120,1394.594236928,2930,1731402043.573875,{'runtime': 1394},0.00048828125,5.902368068695068,0.17499594390392303,6.120407581329346,0.00048828125,"[0.9, 0.99]",5,0.001,16,transformer_traintest_width_2048_std_lr_0.00048828125,False,,0.01,False,mup-transformer-training,False,-1,0.03,transformer_traintest_width_2048_std_lr_0.00048828125,6.1150689125061035,5.094180583953857,std no scheduler,2048
121,287.199879692,2930,1731400948.0692482,{'runtime': 287},0.0,3.845653295516968,0.23652973771095276,5.341860771179199,0.001953125,"[0.9, 0.99]",5,0.001,16,transformer_traintest_width_512_muP+fixRMS+fixEmbedLR+fixUnembed+fixWD_lr_0.001953125,True,cosine,0.01,False,mup-transformer-training,True,-1,0.03,transformer_traintest_width_512_muP+fixRMS+fixEmbedLR+fixUnembed+fixWD_lr_0.001953125,5.313333511352539,3.3644492626190186,muP+fixRMS+fixEmbedLR+fixUnembed+fixWD,512
122,166.190402513,2930,1731400840.298404,{'runtime': 166},0.0,3.8495278358459473,0.23328876495361328,5.389437198638916,0.001953125,"[0.9, 0.99]",5,0.001,16,transformer_traintest_width_256_muP+fixRMS+fixEmbedLR_lr_0.001953125,True,cosine,0.01,False,mup-transformer-training,False,-1,0.03,transformer_traintest_width_256_muP+fixRMS+fixEmbedLR_lr_0.001953125,5.369305610656738,3.6382815837860107,muP+fixRMS+fixEmbedLR,256
123,588.59093343,2930,1731401340.167544,{'runtime': 588},0.00048828125,4.396477699279785,0.23252713680267337,5.426440238952637,0.001953125,"[0.9, 0.99]",5,0.001,16,transformer_traintest_width_1024_muP_lr_0.001953125,False,,0.01,False,mup-transformer-training,False,-1,0.03,transformer_traintest_width_1024_muP_lr_0.001953125,5.426440238952637,3.734724283218384,muP no scheduler,1024
124,168.322447742,2930,1731400930.3574407,{'runtime': 168},0.0,3.7223353385925297,0.23292416334152224,5.390468597412109,0.001953125,"[0.9, 0.99]",5,0.001,16,transformer_traintest_width_256_muP+fixRMS_lr_0.001953125,False,cosine,0.01,False,mup-transformer-training,False,-1,0.03,transformer_traintest_width_256_muP+fixRMS_lr_0.001953125,5.367427349090576,3.5497095584869385,muP+fixRMS,256
125,287.955437459,2930,1731401052.7330534,{'runtime': 287},0.0,3.81927227973938,0.23274186253547668,5.409106254577637,0.001953125,"[0.9, 0.99]",5,0.001,16,transformer_traintest_width_512_muP_lr_0.001953125,False,cosine,0.01,False,mup-transformer-training,False,-1,0.03,transformer_traintest_width_512_muP_lr_0.001953125,5.385769844055176,3.3156304359436035,muP,512
126,286.922001644,2930,1731401077.8534436,{'runtime': 286},0.0,3.812568187713623,0.23622184991836548,5.345216751098633,0.001953125,"[0.9, 0.99]",5,0.001,16,transformer_traintest_width_512_muP+fixRMS+fixEmbedLR+fixUnembed_lr_0.001953125,True,cosine,0.01,False,mup-transformer-training,False,-1,0.03,transformer_traintest_width_512_muP+fixRMS+fixEmbedLR+fixUnembed_lr_0.001953125,5.319181442260742,3.3948163986206055,muP+fixRMS+fixEmbedLR+fixUnembed,512
127,280.690312681,2930,1731401144.172762,{'runtime': 280},0.0,3.899258136749267,0.23597471415996552,5.345911026000977,0.001953125,"[0.9, 0.99]",5,0.001,16,transformer_traintest_width_512_muP+fixRMS+fixEmbedLR_lr_0.001953125,True,cosine,0.01,False,mup-transformer-training,False,-1,0.03,transformer_traintest_width_512_muP+fixRMS+fixEmbedLR_lr_0.001953125,5.32280969619751,3.5698318481445312,muP+fixRMS+fixEmbedLR,512
128,284.229256918,2930,1731401237.3502946,{'runtime': 284},0.0,4.308783531188965,0.23556150496006012,5.354190826416016,0.001953125,"[0.9, 0.99]",5,0.001,16,transformer_traintest_width_512_muP+fixRMS_lr_0.001953125,False,cosine,0.01,False,mup-transformer-training,False,-1,0.03,transformer_traintest_width_512_muP+fixRMS_lr_0.001953125,5.335327625274658,3.6485772132873535,muP+fixRMS,512
129,590.143727301,2930,1731401560.2467752,{'runtime': 590},0.0,3.518179416656494,0.23974639177322388,5.304086685180664,0.001953125,"[0.9, 0.99]",5,0.001,16,transformer_traintest_width_1024_muP+fixRMS+fixEmbedLR+fixUnembed+fixWD_lr_0.001953125,True,cosine,0.01,False,mup-transformer-training,True,-1,0.03,transformer_traintest_width_1024_muP+fixRMS+fixEmbedLR+fixUnembed+fixWD_lr_0.001953125,5.266529083251953,3.1109681129455566,muP+fixRMS+fixEmbedLR+fixUnembed+fixWD,1024
130,585.001108462,2930,1731401661.0407004,{'runtime': 585},0.0,3.789623975753784,0.23360072076320648,5.368986129760742,0.001953125,"[0.9, 0.99]",5,0.001,16,transformer_traintest_width_1024_muP_lr_0.001953125,False,cosine,0.01,False,mup-transformer-training,False,-1,0.03,transformer_traintest_width_1024_muP_lr_0.001953125,5.343859672546387,3.449036121368408,muP,1024
131,587.299588179,2930,1731401688.5500176,{'runtime': 587},0.0,3.429225206375122,0.23889969289302823,5.312778949737549,0.001953125,"[0.9, 0.99]",5,0.001,16,transformer_traintest_width_1024_muP+fixRMS+fixEmbedLR+fixUnembed_lr_0.001953125,True,cosine,0.01,False,mup-transformer-training,False,-1,0.03,transformer_traintest_width_1024_muP+fixRMS+fixEmbedLR+fixUnembed_lr_0.001953125,5.274890422821045,3.147333860397339,muP+fixRMS+fixEmbedLR+fixUnembed,1024
132,574.930354642,2930,1731401742.6593409,{'runtime': 574},0.0,3.6026711463928223,0.23699967563152313,5.338565349578857,0.001953125,"[0.9, 0.99]",5,0.001,16,transformer_traintest_width_1024_muP+fixRMS+fixEmbedLR_lr_0.001953125,True,cosine,0.01,False,mup-transformer-training,False,-1,0.03,transformer_traintest_width_1024_muP+fixRMS+fixEmbedLR_lr_0.001953125,5.3110151290893555,3.6026711463928223,muP+fixRMS+fixEmbedLR,1024
133,579.945062646,2930,1731401840.381247,{'runtime': 579},0.0,4.555847644805908,0.23282693326473236,5.416662693023682,0.001953125,"[0.9, 0.99]",5,0.001,16,transformer_traintest_width_1024_muP+fixRMS_lr_0.001953125,False,cosine,0.01,False,mup-transformer-training,False,-1,0.03,transformer_traintest_width_1024_muP+fixRMS_lr_0.001953125,5.396030902862549,3.944932699203491,muP+fixRMS,1024
134,1401.26097877,2930,1731402773.6891575,{'runtime': 1401},0.000244140625,3.898138046264648,0.24055258929729464,5.298165321350098,0.001953125,"[0.9, 0.99]",5,0.001,16,transformer_traintest_width_2048_muP_lr_0.001953125,False,,0.01,False,mup-transformer-training,False,-1,0.03,transformer_traintest_width_2048_muP_lr_0.001953125,5.298165321350098,3.8970794677734375,muP no scheduler,2048
135,1419.715728037,2930,1731403005.3802483,{'runtime': 1419},0.0,3.0147409439086914,0.237899050116539,5.331319808959961,0.001953125,"[0.9, 0.99]",5,0.001,16,transformer_traintest_width_2048_muP+fixRMS+fixEmbedLR+fixUnembed+fixWD_lr_0.001953125,True,cosine,0.01,False,mup-transformer-training,True,-1,0.03,transformer_traintest_width_2048_muP+fixRMS+fixEmbedLR+fixUnembed+fixWD_lr_0.001953125,5.254140853881836,2.748215675354004,muP+fixRMS+fixEmbedLR+fixUnembed+fixWD,2048
136,1396.427347135,2930,1731403083.8895185,{'runtime': 1396},0.0,3.937845468521118,0.22726057469844815,5.433797359466553,0.001953125,"[0.9, 0.99]",5,0.001,16,transformer_traintest_width_2048_muP_lr_0.001953125,False,cosine,0.01,False,mup-transformer-training,False,-1,0.03,transformer_traintest_width_2048_muP_lr_0.001953125,5.398210048675537,3.595601797103882,muP,2048
137,1411.57993531,2930,1731403125.1048856,{'runtime': 1411},0.0,2.914667844772339,0.2355452924966812,5.33543586730957,0.001953125,"[0.9, 0.99]",5,0.001,16,transformer_traintest_width_2048_muP+fixRMS+fixEmbedLR+fixUnembed_lr_0.001953125,True,cosine,0.01,False,mup-transformer-training,False,-1,0.03,transformer_traintest_width_2048_muP+fixRMS+fixEmbedLR+fixUnembed_lr_0.001953125,5.263328552246094,2.772249460220337,muP+fixRMS+fixEmbedLR+fixUnembed,2048
138,1377.274460519,2930,1731403147.787541,{'runtime': 1377},0.0,3.817852258682251,0.235780268907547,5.386013984680176,0.001953125,"[0.9, 0.99]",5,0.001,16,transformer_traintest_width_2048_muP+fixRMS+fixEmbedLR_lr_0.001953125,True,cosine,0.01,False,mup-transformer-training,False,-1,0.03,transformer_traintest_width_2048_muP+fixRMS+fixEmbedLR_lr_0.001953125,5.343862533569336,3.74798583984375,muP+fixRMS+fixEmbedLR,2048
139,1392.370887289,2930,1731403257.5701878,{'runtime': 1392},0.0,4.6326422691345215,0.2267744243144989,5.559723854064941,0.001953125,"[0.9, 0.99]",5,0.001,16,transformer_traintest_width_2048_muP+fixRMS_lr_0.001953125,False,cosine,0.01,False,mup-transformer-training,False,-1,0.03,transformer_traintest_width_2048_muP+fixRMS_lr_0.001953125,5.535676002502441,4.440009593963623,muP+fixRMS,2048
140,169.50742917,2930,1731402236.413193,{'runtime': 169},0.0009765625,3.850079298019409,0.23879435658454895,5.489503860473633,0.0009765625,"[0.9, 0.99]",5,0.001,16,transformer_traintest_width_256_std_lr_0.0009765625,False,,0.01,False,mup-transformer-training,False,-1,0.03,transformer_traintest_width_256_std_lr_0.0009765625,5.392376899719238,3.4497110843658447,std no scheduler,256
141,286.272463564,2930,1731402545.6862428,{'runtime': 286},0.0009765625,4.140598773956299,0.2375870943069458,5.488407135009766,0.0009765625,"[0.9, 0.99]",5,0.001,16,transformer_traintest_width_512_std_lr_0.0009765625,False,,0.01,False,mup-transformer-training,False,-1,0.03,transformer_traintest_width_512_std_lr_0.0009765625,5.413721084594727,3.537041187286377,std no scheduler,512
142,581.700020798,2930,1731403151.227803,{'runtime': 581},0.0009765625,6.0399580001831055,0.16656538844108582,6.220731735229492,0.0009765625,"[0.9, 0.99]",5,0.001,16,transformer_traintest_width_1024_std_lr_0.0009765625,False,,0.01,False,mup-transformer-training,False,-1,0.03,transformer_traintest_width_1024_std_lr_0.0009765625,6.217621326446533,5.331042289733887,std no scheduler,1024
143,182.423275058,2930,1731402984.3151476,{'runtime': 182},0.00390625,4.6254987716674805,0.22440852224826813,5.5378804206848145,0.00390625,"[0.9, 0.99]",5,0.001,16,transformer_traintest_width_256_muP_lr_0.00390625,False,,0.01,False,mup-transformer-training,False,-1,0.03,transformer_traintest_width_256_muP_lr_0.00390625,5.5378804206848145,4.304078102111816,muP no scheduler,256
144,293.478723826,2930,1731403305.990022,{'runtime': 293},0.001953125,4.217349052429199,0.22521471977233887,5.5360026359558105,0.00390625,"[0.9, 0.99]",5,0.001,16,transformer_traintest_width_512_muP_lr_0.00390625,False,,0.01,False,mup-transformer-training,False,-1,0.03,transformer_traintest_width_512_muP_lr_0.00390625,5.5360026359558105,4.127382278442383,muP no scheduler,512
145,170.176416627,2930,1731403198.138979,{'runtime': 170},0.0,3.8835933208465576,0.23567087948322296,5.4622063636779785,0.00390625,"[0.9, 0.99]",5,0.001,16,transformer_traintest_width_256_muP+fixRMS+fixEmbedLR+fixUnembed+fixWD_lr_0.00390625,True,cosine,0.01,False,mup-transformer-training,True,-1,0.03,transformer_traintest_width_256_muP+fixRMS+fixEmbedLR+fixUnembed+fixWD_lr_0.00390625,5.433200359344482,3.5427262783050537,muP+fixRMS+fixEmbedLR+fixUnembed+fixWD,256
146,169.745786025,2930,1731403275.824624,{'runtime': 169},0.0,3.90883731842041,0.2286947071552277,5.588626861572266,0.00390625,"[0.9, 0.99]",5,0.001,16,transformer_traintest_width_256_muP_lr_0.00390625,False,cosine,0.01,False,mup-transformer-training,False,-1,0.03,transformer_traintest_width_256_muP_lr_0.00390625,5.5170817375183105,3.568225622177124,muP,256
147,170.134557418,2930,1731403316.9571502,{'runtime': 170},0.0,4.070240497589111,0.23272159695625305,5.474515914916992,0.00390625,"[0.9, 0.99]",5,0.001,16,transformer_traintest_width_256_muP+fixRMS+fixEmbedLR+fixUnembed_lr_0.00390625,True,cosine,0.01,False,mup-transformer-training,False,-1,0.03,transformer_traintest_width_256_muP+fixRMS+fixEmbedLR+fixUnembed_lr_0.00390625,5.449068546295166,3.5701637268066406,muP+fixRMS+fixEmbedLR+fixUnembed,256
148,167.232858854,2930,1731403338.4290516,{'runtime': 167},0.0,3.841270685195923,0.23436638712882996,5.462742328643799,0.00390625,"[0.9, 0.99]",5,0.001,16,transformer_traintest_width_256_muP+fixRMS+fixEmbedLR_lr_0.00390625,True,cosine,0.01,False,mup-transformer-training,False,-1,0.03,transformer_traintest_width_256_muP+fixRMS+fixEmbedLR_lr_0.00390625,5.436797142028809,3.552237033843994,muP+fixRMS+fixEmbedLR,256
149,1393.506928419,2930,1731404569.8139155,{'runtime': 1393},0.0009765625,6.104002475738525,0.15303435921669006,6.412483215332031,0.0009765625,"[0.9, 0.99]",5,0.001,16,transformer_traintest_width_2048_std_lr_0.0009765625,False,,0.01,False,mup-transformer-training,False,-1,0.03,transformer_traintest_width_2048_std_lr_0.0009765625,6.375230312347412,5.6718621253967285,std no scheduler,2048
150,287.974942694,2930,1731403510.0531178,{'runtime': 287},0.0,3.85101318359375,0.24129800498485565,5.3989691734313965,0.00390625,"[0.9, 0.99]",5,0.001,16,transformer_traintest_width_512_muP+fixRMS+fixEmbedLR+fixUnembed+fixWD_lr_0.00390625,True,cosine,0.01,False,mup-transformer-training,True,-1,0.03,transformer_traintest_width_512_muP+fixRMS+fixEmbedLR+fixUnembed+fixWD_lr_0.00390625,5.356687545776367,3.2829670906066895,muP+fixRMS+fixEmbedLR+fixUnembed+fixWD,512
151,167.604907198,2930,1731403447.2476952,{'runtime': 167},0.0,3.731736660003662,0.23497407138347623,5.450119495391846,0.00390625,"[0.9, 0.99]",5,0.001,16,transformer_traintest_width_256_muP+fixRMS_lr_0.00390625,False,cosine,0.01,False,mup-transformer-training,False,-1,0.03,transformer_traintest_width_256_muP+fixRMS_lr_0.00390625,5.424350261688232,3.5354552268981934,muP+fixRMS,256
152,286.471011349,2930,1731403584.471798,{'runtime': 286},0.0,4.2240142822265625,0.2318708449602127,5.499089241027832,0.00390625,"[0.9, 0.99]",5,0.001,16,transformer_traintest_width_512_muP_lr_0.00390625,False,cosine,0.01,False,mup-transformer-training,False,-1,0.03,transformer_traintest_width_512_muP_lr_0.00390625,5.453036308288574,3.4550740718841553,muP,512
153,589.446970601,2930,1731403925.3817978,{'runtime': 589},0.0009765625,3.9579885005950928,0.23372630774974823,5.472161293029785,0.00390625,"[0.9, 0.99]",5,0.001,16,transformer_traintest_width_1024_muP_lr_0.00390625,False,,0.01,False,mup-transformer-training,False,-1,0.03,transformer_traintest_width_1024_muP_lr_0.00390625,5.472161293029785,3.7630679607391357,muP no scheduler,1024
154,286.83695528,2930,1731403626.5773735,{'runtime': 286},0.0,3.4798717498779297,0.2397828549146652,5.402637004852295,0.00390625,"[0.9, 0.99]",5,0.001,16,transformer_traintest_width_512_muP+fixRMS+fixEmbedLR+fixUnembed_lr_0.00390625,True,cosine,0.01,False,mup-transformer-training,False,-1,0.03,transformer_traintest_width_512_muP+fixRMS+fixEmbedLR+fixUnembed_lr_0.00390625,5.366881847381592,3.2931065559387207,muP+fixRMS+fixEmbedLR+fixUnembed,512
155,282.509174345,2930,1731403643.239364,{'runtime': 282},0.0,3.9511759281158447,0.2403702735900879,5.352393627166748,0.00390625,"[0.9, 0.99]",5,0.001,16,transformer_traintest_width_512_muP+fixRMS+fixEmbedLR_lr_0.00390625,True,cosine,0.01,False,mup-transformer-training,False,-1,0.03,transformer_traintest_width_512_muP+fixRMS+fixEmbedLR_lr_0.00390625,5.330092906951904,3.4800503253936768,muP+fixRMS+fixEmbedLR,512
156,284.82026578,2930,1731403754.8102102,{'runtime': 284},0.0,4.406264305114746,0.2322557121515274,5.418457508087158,0.00390625,"[0.9, 0.99]",5,0.001,16,transformer_traintest_width_512_muP+fixRMS_lr_0.00390625,False,cosine,0.01,False,mup-transformer-training,False,-1,0.03,transformer_traintest_width_512_muP+fixRMS_lr_0.00390625,5.39614725112915,3.748534917831421,muP+fixRMS,512
157,591.873850708,2930,1731404125.5727718,{'runtime': 591},0.0,3.569312810897827,0.23919138312339783,5.412990570068359,0.00390625,"[0.9, 0.99]",5,0.001,16,transformer_traintest_width_1024_muP+fixRMS+fixEmbedLR+fixUnembed+fixWD_lr_0.00390625,True,cosine,0.01,False,mup-transformer-training,True,-1,0.03,transformer_traintest_width_1024_muP+fixRMS+fixEmbedLR+fixUnembed+fixWD_lr_0.00390625,5.365849494934082,3.3216636180877686,muP+fixRMS+fixEmbedLR+fixUnembed+fixWD,1024
158,584.046729135,2930,1731404193.0328426,{'runtime': 584},0.0,3.6406188011169434,0.2370077818632126,5.409268379211426,0.00390625,"[0.9, 0.99]",5,0.001,16,transformer_traintest_width_1024_muP_lr_0.00390625,False,cosine,0.01,False,mup-transformer-training,False,-1,0.03,transformer_traintest_width_1024_muP_lr_0.00390625,5.394031524658203,3.6021783351898193,muP,1024
159,588.269946771,2930,1731404238.7105176,{'runtime': 588},0.0,3.635640382766723,0.238903746008873,5.417268753051758,0.00390625,"[0.9, 0.99]",5,0.001,16,transformer_traintest_width_1024_muP+fixRMS+fixEmbedLR+fixUnembed_lr_0.00390625,True,cosine,0.01,False,mup-transformer-training,False,-1,0.03,transformer_traintest_width_1024_muP+fixRMS+fixEmbedLR+fixUnembed_lr_0.00390625,5.37001371383667,3.2087628841400146,muP+fixRMS+fixEmbedLR+fixUnembed,1024
160,573.990309119,2930,1731404241.6300983,{'runtime': 573},0.0,4.38923454284668,0.23814617097377777,5.361239910125732,0.00390625,"[0.9, 0.99]",5,0.001,16,transformer_traintest_width_1024_muP+fixRMS+fixEmbedLR_lr_0.00390625,True,cosine,0.01,False,mup-transformer-training,False,-1,0.03,transformer_traintest_width_1024_muP+fixRMS+fixEmbedLR_lr_0.00390625,5.3401970863342285,3.682377576828003,muP+fixRMS+fixEmbedLR,1024
161,580.630687727,2930,1731404358.8091292,{'runtime': 580},0.0,4.201989650726318,0.2367566078901291,5.371915817260742,0.00390625,"[0.9, 0.99]",5,0.001,16,transformer_traintest_width_1024_muP+fixRMS_lr_0.00390625,False,cosine,0.01,False,mup-transformer-training,False,-1,0.03,transformer_traintest_width_1024_muP+fixRMS_lr_0.00390625,5.355263710021973,3.8390920162200928,muP+fixRMS,1024
162,1400.336149493,2930,1731405353.975942,{'runtime': 1400},0.00048828125,4.026668071746826,0.24090099334716797,5.378096580505371,0.00390625,"[0.9, 0.99]",5,0.001,16,transformer_traintest_width_2048_muP_lr_0.00390625,False,,0.01,False,mup-transformer-training,False,-1,0.03,transformer_traintest_width_2048_muP_lr_0.00390625,5.3411970138549805,3.5366878509521484,muP no scheduler,2048
163,1420.626020207,2930,1731405572.7616498,{'runtime': 1420},0.0,3.421175718307495,0.2444741576910019,5.342121601104736,0.00390625,"[0.9, 0.99]",5,0.001,16,transformer_traintest_width_2048_muP+fixRMS+fixEmbedLR+fixUnembed+fixWD_lr_0.00390625,True,cosine,0.01,False,mup-transformer-training,True,-1,0.03,transformer_traintest_width_2048_muP+fixRMS+fixEmbedLR+fixUnembed+fixWD_lr_0.00390625,5.298867702484131,3.106013774871826,muP+fixRMS+fixEmbedLR+fixUnembed+fixWD,2048
164,1395.902959877,2930,1731405613.839198,{'runtime': 1395},0.0,4.040491104125977,0.24249310791492465,5.3035688400268555,0.00390625,"[0.9, 0.99]",5,0.001,16,transformer_traintest_width_2048_muP_lr_0.00390625,False,cosine,0.01,False,mup-transformer-training,False,-1,0.03,transformer_traintest_width_2048_muP_lr_0.00390625,5.294151306152344,3.6139297485351562,muP,2048
165,1411.79862392,2930,1731405675.0008297,{'runtime': 1411},0.0,3.728212594985962,0.2420920431613922,5.361530780792236,0.00390625,"[0.9, 0.99]",5,0.001,16,transformer_traintest_width_2048_muP+fixRMS+fixEmbedLR+fixUnembed_lr_0.00390625,True,cosine,0.01,False,mup-transformer-training,False,-1,0.03,transformer_traintest_width_2048_muP+fixRMS+fixEmbedLR+fixUnembed_lr_0.00390625,5.323919296264648,3.1434311866760254,muP+fixRMS+fixEmbedLR+fixUnembed,2048
166,1376.804962582,2930,1731405643.0616436,{'runtime': 1376},0.0,4.023852348327637,0.23895235359668732,5.342705726623535,0.00390625,"[0.9, 0.99]",5,0.001,16,transformer_traintest_width_2048_muP+fixRMS+fixEmbedLR_lr_0.00390625,True,cosine,0.01,False,mup-transformer-training,False,-1,0.03,transformer_traintest_width_2048_muP+fixRMS+fixEmbedLR_lr_0.00390625,5.317510604858398,3.759047269821167,muP+fixRMS+fixEmbedLR,2048
167,1392.178580023,2930,1731405776.5223432,{'runtime': 1392},0.0,4.1360392570495605,0.23723870515823364,5.394293785095215,0.00390625,"[0.9, 0.99]",5,0.001,16,transformer_traintest_width_2048_muP+fixRMS_lr_0.00390625,False,cosine,0.01,False,mup-transformer-training,False,-1,0.03,transformer_traintest_width_2048_muP+fixRMS_lr_0.00390625,5.377620697021484,4.125914573669434,muP+fixRMS,2048
168,171.576152303,2930,1731404764.5362532,{'runtime': 171},0.001953125,4.201969146728516,0.2320896089076996,5.48970890045166,0.001953125,"[0.9, 0.99]",5,0.001,16,transformer_traintest_width_256_std_lr_0.001953125,False,,0.01,False,mup-transformer-training,False,-1,0.03,transformer_traintest_width_256_std_lr_0.001953125,5.481905937194824,3.9297068119049072,std no scheduler,256
169,288.407088467,2930,1731405075.8924284,{'runtime': 288},0.001953125,5.918183326721191,0.15261302888393402,6.364199638366699,0.001953125,"[0.9, 0.99]",5,0.001,16,transformer_traintest_width_512_std_lr_0.001953125,False,,0.01,False,mup-transformer-training,False,-1,0.03,transformer_traintest_width_512_std_lr_0.001953125,6.361796855926514,5.559577941894531,std no scheduler,512
170,585.781862576,2930,1731405685.7293172,{'runtime': 585},0.001953125,6.4791388511657715,0.1424931138753891,6.532231330871582,0.001953125,"[0.9, 0.99]",5,0.001,16,transformer_traintest_width_1024_std_lr_0.001953125,False,,0.01,False,mup-transformer-training,False,-1,0.03,transformer_traintest_width_1024_std_lr_0.001953125,6.532231330871582,6.026076793670654,std no scheduler,1024
171,185.577145333,2930,1731405569.2495737,{'runtime': 185},0.0078125,5.322937488555908,0.19765840470790863,5.767676830291748,0.0078125,"[0.9, 0.99]",5,0.001,16,transformer_traintest_width_256_muP_lr_0.0078125,False,,0.01,False,mup-transformer-training,False,-1,0.03,transformer_traintest_width_256_muP_lr_0.0078125,5.767676830291748,4.928104877471924,muP no scheduler,256
172,169.000716595,2930,1731405764.3336055,{'runtime': 169},0.0,4.141101360321045,0.23539945483207703,5.567844867706299,0.0078125,"[0.9, 0.99]",5,0.001,16,transformer_traintest_width_256_muP+fixRMS+fixEmbedLR+fixUnembed+fixWD_lr_0.0078125,True,cosine,0.01,False,mup-transformer-training,True,-1,0.03,transformer_traintest_width_256_muP+fixRMS+fixEmbedLR+fixUnembed+fixWD_lr_0.0078125,5.48909854888916,3.7049036026000977,muP+fixRMS+fixEmbedLR+fixUnembed+fixWD,256
173,293.361958278,2930,1731405891.788269,{'runtime': 293},0.00390625,5.600294589996338,0.1733754724264145,6.109792709350586,0.0078125,"[0.9, 0.99]",5,0.001,16,transformer_traintest_width_512_muP_lr_0.0078125,False,,0.01,False,mup-transformer-training,False,-1,0.03,transformer_traintest_width_512_muP_lr_0.0078125,6.109792709350586,5.319398880004883,muP no scheduler,512
174,181.025937255,2930,1731405820.8270962,{'runtime': 181},0.0,4.468930244445801,0.2317128479480743,5.562709808349609,0.0078125,"[0.9, 0.99]",5,0.001,16,transformer_traintest_width_256_muP_lr_0.0078125,False,cosine,0.01,False,mup-transformer-training,False,-1,0.03,transformer_traintest_width_256_muP_lr_0.0078125,5.506957054138184,3.9661426544189453,muP,256
175,166.859323771,2930,1731405832.678388,{'runtime': 166},0.0,4.203014850616455,0.22958596050739288,5.618971347808838,0.0078125,"[0.9, 0.99]",5,0.001,16,transformer_traintest_width_256_muP+fixRMS+fixEmbedLR_lr_0.0078125,True,cosine,0.01,False,mup-transformer-training,False,-1,0.03,transformer_traintest_width_256_muP+fixRMS+fixEmbedLR_lr_0.0078125,5.56157112121582,3.9286129474639893,muP+fixRMS+fixEmbedLR,256
176,169.775098003,2930,1731405866.943891,{'runtime': 169},0.0,4.531120777130127,0.22864608466625216,5.625793933868408,0.0078125,"[0.9, 0.99]",5,0.001,16,transformer_traintest_width_256_muP+fixRMS+fixEmbedLR+fixUnembed_lr_0.0078125,True,cosine,0.01,False,mup-transformer-training,False,-1,0.03,transformer_traintest_width_256_muP+fixRMS+fixEmbedLR+fixUnembed_lr_0.0078125,5.578024864196777,3.9868645668029785,muP+fixRMS+fixEmbedLR+fixUnembed,256
177,1401.916995353,2930,1731407114.1264842,{'runtime': 1401},0.001953125,6.341894626617432,0.13823124766349792,6.627316951751709,0.001953125,"[0.9, 0.99]",5,0.001,16,transformer_traintest_width_2048_std_lr_0.001953125,False,,0.01,False,mup-transformer-training,False,-1,0.03,transformer_traintest_width_2048_std_lr_0.001953125,6.620826244354248,6.134830951690674,std no scheduler,2048
178,288.045760935,2930,1731406075.21641,{'runtime': 288},0.0,3.461186647415161,0.238089457154274,5.578648567199707,0.0078125,"[0.9, 0.99]",5,0.001,16,transformer_traintest_width_512_muP+fixRMS+fixEmbedLR+fixUnembed+fixWD_lr_0.0078125,True,cosine,0.01,False,mup-transformer-training,True,-1,0.03,transformer_traintest_width_512_muP+fixRMS+fixEmbedLR+fixUnembed+fixWD_lr_0.0078125,5.466633319854736,3.461186647415161,muP+fixRMS+fixEmbedLR+fixUnembed+fixWD,512
179,168.040734033,2930,1731405967.521032,{'runtime': 168},0.0,4.170700550079346,0.2340747117996216,5.5809221267700195,0.0078125,"[0.9, 0.99]",5,0.001,16,transformer_traintest_width_256_muP+fixRMS_lr_0.0078125,False,cosine,0.01,False,mup-transformer-training,False,-1,0.03,transformer_traintest_width_256_muP+fixRMS_lr_0.0078125,5.515399932861328,3.7432453632354736,muP+fixRMS,256
180,291.735761937,2930,1731406144.054573,{'runtime': 291},0.0,3.9705605506896977,0.23926834762096405,5.4908013343811035,0.0078125,"[0.9, 0.99]",5,0.001,16,transformer_traintest_width_512_muP_lr_0.0078125,False,cosine,0.01,False,mup-transformer-training,False,-1,0.03,transformer_traintest_width_512_muP_lr_0.0078125,5.4228596687316895,3.5785956382751465,muP,512
181,280.990857543,2930,1731406136.138325,{'runtime': 280},0.0,4.288464069366455,0.2365054339170456,5.526821613311768,0.0078125,"[0.9, 0.99]",5,0.001,16,transformer_traintest_width_512_muP+fixRMS+fixEmbedLR_lr_0.0078125,True,cosine,0.01,False,mup-transformer-training,False,-1,0.03,transformer_traintest_width_512_muP+fixRMS+fixEmbedLR_lr_0.0078125,5.476362228393555,3.6890487670898438,muP+fixRMS+fixEmbedLR,512
182,287.43158562,2930,1731406177.1722493,{'runtime': 287},0.0,3.8712990283966064,0.23439474403858185,5.576079368591309,0.0078125,"[0.9, 0.99]",5,0.001,16,transformer_traintest_width_512_muP+fixRMS+fixEmbedLR+fixUnembed_lr_0.0078125,True,cosine,0.01,False,mup-transformer-training,False,-1,0.03,transformer_traintest_width_512_muP+fixRMS+fixEmbedLR+fixUnembed_lr_0.0078125,5.48949670791626,3.6484923362731934,muP+fixRMS+fixEmbedLR+fixUnembed,512
183,590.395007517,2930,1731406511.7136934,{'runtime': 590},0.001953125,5.3738837242126465,0.17732134461402893,6.0398149490356445,0.0078125,"[0.9, 0.99]",5,0.001,16,transformer_traintest_width_1024_muP_lr_0.0078125,False,,0.01,False,mup-transformer-training,False,-1,0.03,transformer_traintest_width_1024_muP_lr_0.0078125,6.0398149490356445,5.209096431732178,muP no scheduler,1024
184,284.517907393,2930,1731406275.361044,{'runtime': 284},0.0,3.981879472732544,0.23742909729480743,5.4370503425598145,0.0078125,"[0.9, 0.99]",5,0.001,16,transformer_traintest_width_512_muP+fixRMS_lr_0.0078125,False,cosine,0.01,False,mup-transformer-training,False,-1,0.03,transformer_traintest_width_512_muP+fixRMS_lr_0.0078125,5.4115400314331055,3.622873306274414,muP+fixRMS,512
185,593.271377896,2930,1731406691.5305836,{'runtime': 593},0.0,3.931468963623047,0.23686598241329193,5.619319915771484,0.0078125,"[0.9, 0.99]",5,0.001,16,transformer_traintest_width_1024_muP+fixRMS+fixEmbedLR+fixUnembed+fixWD_lr_0.0078125,True,cosine,0.01,False,mup-transformer-training,True,-1,0.03,transformer_traintest_width_1024_muP+fixRMS+fixEmbedLR+fixUnembed+fixWD_lr_0.0078125,5.460117816925049,3.354283094406128,muP+fixRMS+fixEmbedLR+fixUnembed+fixWD,1024
186,574.546839243,2930,1731406733.1987827,{'runtime': 574},0.0,3.987490653991699,0.2347310036420822,5.444052696228027,0.0078125,"[0.9, 0.99]",5,0.001,16,transformer_traintest_width_1024_muP+fixRMS+fixEmbedLR_lr_0.0078125,True,cosine,0.01,False,mup-transformer-training,False,-1,0.03,transformer_traintest_width_1024_muP+fixRMS+fixEmbedLR_lr_0.0078125,5.421668529510498,3.6361336708068848,muP+fixRMS+fixEmbedLR,1024
187,584.626350569,2930,1731406751.913064,{'runtime': 584},0.0,4.067419528961182,0.23635552823543549,5.496817588806152,0.0078125,"[0.9, 0.99]",5,0.001,16,transformer_traintest_width_1024_muP_lr_0.0078125,False,cosine,0.01,False,mup-transformer-training,False,-1,0.03,transformer_traintest_width_1024_muP_lr_0.0078125,5.439098834991455,3.4731829166412354,muP,1024
188,588.129748189,2930,1731406788.60469,{'runtime': 588},0.0,3.994738817214966,0.23875385522842407,5.610527992248535,0.0078125,"[0.9, 0.99]",5,0.001,16,transformer_traintest_width_1024_muP+fixRMS+fixEmbedLR+fixUnembed_lr_0.0078125,True,cosine,0.01,False,mup-transformer-training,False,-1,0.03,transformer_traintest_width_1024_muP+fixRMS+fixEmbedLR+fixUnembed_lr_0.0078125,5.436842441558838,3.3750858306884766,muP+fixRMS+fixEmbedLR+fixUnembed,1024
189,581.287361345,2930,1731406879.6134295,{'runtime': 581},0.0,4.153985023498535,0.23534272611141205,5.389759540557861,0.0078125,"[0.9, 0.99]",5,0.001,16,transformer_traintest_width_1024_muP+fixRMS_lr_0.0078125,False,cosine,0.01,False,mup-transformer-training,False,-1,0.03,transformer_traintest_width_1024_muP+fixRMS_lr_0.0078125,5.384822845458984,3.945037841796875,muP+fixRMS,1024
190,1401.262788345,2930,1731407946.0310187,{'runtime': 1401},0.0009765625,4.908843994140625,0.2036987543106079,5.766868591308594,0.0078125,"[0.9, 0.99]",5,0.001,16,transformer_traintest_width_2048_muP_lr_0.0078125,False,,0.01,False,mup-transformer-training,False,-1,0.03,transformer_traintest_width_2048_muP_lr_0.0078125,5.766868591308594,4.608573913574219,muP no scheduler,2048
191,1422.279462074,2930,1731408139.4859571,{'runtime': 1422},0.0,3.66798734664917,0.2300153970718384,5.652962684631348,0.0078125,"[0.9, 0.99]",5,0.001,16,transformer_traintest_width_2048_muP+fixRMS+fixEmbedLR+fixUnembed+fixWD_lr_0.0078125,True,cosine,0.01,False,mup-transformer-training,True,-1,0.03,transformer_traintest_width_2048_muP+fixRMS+fixEmbedLR+fixUnembed+fixWD_lr_0.0078125,5.517044544219971,3.4131357669830322,muP+fixRMS+fixEmbedLR+fixUnembed+fixWD,2048
192,1378.18749734,2930,1731408136.4177868,{'runtime': 1378},0.0,4.001101970672607,0.2264624834060669,5.475520610809326,0.0078125,"[0.9, 0.99]",5,0.001,16,transformer_traintest_width_2048_muP+fixRMS+fixEmbedLR_lr_0.0078125,True,cosine,0.01,False,mup-transformer-training,False,-1,0.03,transformer_traintest_width_2048_muP+fixRMS+fixEmbedLR_lr_0.0078125,5.474994659423828,3.8799514770507812,muP+fixRMS+fixEmbedLR,2048
193,1395.881343628,2930,1731408174.4514318,{'runtime': 1395},0.0,3.7763020992279057,0.2401150614023209,5.394365310668945,0.0078125,"[0.9, 0.99]",5,0.001,16,transformer_traintest_width_2048_muP_lr_0.0078125,False,cosine,0.01,False,mup-transformer-training,False,-1,0.03,transformer_traintest_width_2048_muP_lr_0.0078125,5.357332706451416,3.4526164531707764,muP,2048
194,1411.981289933,2930,1731408225.6446097,{'runtime': 1411},0.0,3.909123659133911,0.23163993656635284,5.673975944519043,0.0078125,"[0.9, 0.99]",5,0.001,16,transformer_traintest_width_2048_muP+fixRMS+fixEmbedLR+fixUnembed_lr_0.0078125,True,cosine,0.01,False,mup-transformer-training,False,-1,0.03,transformer_traintest_width_2048_muP+fixRMS+fixEmbedLR+fixUnembed_lr_0.0078125,5.513473987579346,3.382033586502075,muP+fixRMS+fixEmbedLR+fixUnembed,2048
195,1393.343491433,2930,1731408298.7789495,{'runtime': 1393},0.0,4.133816719055176,0.23060686886310575,5.414578437805176,0.0078125,"[0.9, 0.99]",5,0.001,16,transformer_traintest_width_2048_muP+fixRMS_lr_0.0078125,False,cosine,0.01,False,mup-transformer-training,False,-1,0.03,transformer_traintest_width_2048_muP+fixRMS_lr_0.0078125,5.413858413696289,4.133816719055176,muP+fixRMS,2048
196,173.502461083,2930,1731407311.7516005,{'runtime': 173},0.00390625,6.571469783782959,0.14581915736198425,6.434861183166504,0.00390625,"[0.9, 0.99]",5,0.001,16,transformer_traintest_width_256_std_lr_0.00390625,False,,0.01,False,mup-transformer-training,False,-1,0.03,transformer_traintest_width_256_std_lr_0.00390625,6.428559303283691,5.851905822753906,std no scheduler,256
197,288.995866685,2930,1731407624.7975163,{'runtime': 288},0.00390625,6.19212007522583,0.1328188329935074,6.652840614318848,0.00390625,"[0.9, 0.99]",5,0.001,16,transformer_traintest_width_512_std_lr_0.00390625,False,,0.01,False,mup-transformer-training,False,-1,0.03,transformer_traintest_width_512_std_lr_0.00390625,6.652840614318848,6.177711009979248,std no scheduler,512
198,586.004975124,2930,1731408235.0125222,{'runtime': 586},0.00390625,6.633333206176758,0.12713094055652618,6.766034126281738,0.00390625,"[0.9, 0.99]",5,0.001,16,transformer_traintest_width_1024_std_lr_0.00390625,False,,0.01,False,mup-transformer-training,False,-1,0.03,transformer_traintest_width_1024_std_lr_0.00390625,6.766034126281738,6.350249290466309,std no scheduler,1024
199,183.521252515,2930,1731408157.884018,{'runtime': 183},0.015625,5.671183109283447,0.1815102845430374,6.028719902038574,0.015625,"[0.9, 0.99]",5,0.001,16,transformer_traintest_width_256_muP_lr_0.015625,False,,0.01,False,mup-transformer-training,False,-1,0.03,transformer_traintest_width_256_muP_lr_0.015625,6.028719902038574,5.265902996063232,muP no scheduler,256
200,165.991937509,2930,1731408324.5733366,{'runtime': 165},0.0,5.454769134521484,0.19114811718463895,5.952556610107422,0.015625,"[0.9, 0.99]",5,0.001,16,transformer_traintest_width_256_muP+fixRMS+fixEmbedLR_lr_0.015625,True,cosine,0.01,False,mup-transformer-training,False,-1,0.03,transformer_traintest_width_256_muP+fixRMS+fixEmbedLR_lr_0.015625,5.952556610107422,4.939566612243652,muP+fixRMS+fixEmbedLR,256
201,169.86102922,2930,1731408331.330566,{'runtime': 169},0.0,5.10756254196167,0.20113839209079745,5.837519645690918,0.015625,"[0.9, 0.99]",5,0.001,16,transformer_traintest_width_256_muP+fixRMS+fixEmbedLR+fixUnembed+fixWD_lr_0.015625,True,cosine,0.01,False,mup-transformer-training,True,-1,0.03,transformer_traintest_width_256_muP+fixRMS+fixEmbedLR+fixUnembed+fixWD_lr_0.015625,5.830565452575684,4.627000331878662,muP+fixRMS+fixEmbedLR+fixUnembed+fixWD,256
202,294.277090794,2930,1731408481.662712,{'runtime': 294},0.0078125,6.519997596740723,0.1429833024740219,6.479827404022217,0.015625,"[0.9, 0.99]",5,0.001,16,transformer_traintest_width_512_muP_lr_0.015625,False,,0.01,False,mup-transformer-training,False,-1,0.03,transformer_traintest_width_512_muP_lr_0.015625,6.479827404022217,6.006543159484863,muP no scheduler,512
203,168.939334143,2930,1731408366.1214144,{'runtime': 168},0.0,4.779180526733398,0.22132959961891177,5.652128219604492,0.015625,"[0.9, 0.99]",5,0.001,16,transformer_traintest_width_256_muP_lr_0.015625,False,cosine,0.01,False,mup-transformer-training,False,-1,0.03,transformer_traintest_width_256_muP_lr_0.015625,5.609920501708984,4.152637958526611,muP,256
204,168.675375169,2930,1731408416.5291717,{'runtime': 168},0.0,5.754087448120117,0.16765515506267548,6.202863693237305,0.015625,"[0.9, 0.99]",5,0.001,16,transformer_traintest_width_256_muP+fixRMS+fixEmbedLR+fixUnembed_lr_0.015625,True,cosine,0.01,False,mup-transformer-training,False,-1,0.03,transformer_traintest_width_256_muP+fixRMS+fixEmbedLR+fixUnembed_lr_0.015625,6.202863693237305,5.337920665740967,muP+fixRMS+fixEmbedLR+fixUnembed,256
205,1399.526865948,2930,1731409661.361251,{'runtime': 1399},0.00390625,6.631305694580078,0.12752795219421387,6.789369583129883,0.00390625,"[0.9, 0.99]",5,0.001,16,transformer_traintest_width_2048_std_lr_0.00390625,False,,0.01,False,mup-transformer-training,False,-1,0.03,transformer_traintest_width_2048_std_lr_0.00390625,6.789369583129883,6.222605228424072,std no scheduler,2048
206,167.983540662,2930,1731408490.88274,{'runtime': 167},0.0,4.906930923461914,0.19890213012695312,5.870509147644043,0.015625,"[0.9, 0.99]",5,0.001,16,transformer_traintest_width_256_muP+fixRMS_lr_0.015625,False,cosine,0.01,False,mup-transformer-training,False,-1,0.03,transformer_traintest_width_256_muP+fixRMS_lr_0.015625,5.852622985839844,4.529364109039307,muP+fixRMS,256
207,281.940944192,2930,1731408629.319025,{'runtime': 281},0.0,5.043025970458984,0.1794198602437973,6.066709995269775,0.015625,"[0.9, 0.99]",5,0.001,16,transformer_traintest_width_512_muP+fixRMS+fixEmbedLR_lr_0.015625,True,cosine,0.01,False,mup-transformer-training,False,-1,0.03,transformer_traintest_width_512_muP+fixRMS+fixEmbedLR_lr_0.015625,6.065362453460693,5.005143642425537,muP+fixRMS+fixEmbedLR,512
208,288.33224238,2930,1731408642.27328,{'runtime': 288},0.0,5.747157096862793,0.1685018688440323,6.222233772277832,0.015625,"[0.9, 0.99]",5,0.001,16,transformer_traintest_width_512_muP+fixRMS+fixEmbedLR+fixUnembed+fixWD_lr_0.015625,True,cosine,0.01,False,mup-transformer-training,True,-1,0.03,transformer_traintest_width_512_muP+fixRMS+fixEmbedLR+fixUnembed+fixWD_lr_0.015625,6.215580463409424,5.315524578094482,muP+fixRMS+fixEmbedLR+fixUnembed+fixWD,512
209,284.570252715,2930,1731408672.4287975,{'runtime': 284},0.0,4.868061542510986,0.20654675364494324,5.787134170532227,0.015625,"[0.9, 0.99]",5,0.001,16,transformer_traintest_width_512_muP_lr_0.015625,False,cosine,0.01,False,mup-transformer-training,False,-1,0.03,transformer_traintest_width_512_muP_lr_0.015625,5.746061325073242,4.376647472381592,muP,512
210,286.788055572,2930,1731408726.9313548,{'runtime': 286},0.0,5.315955638885498,0.18477556109428409,6.01851224899292,0.015625,"[0.9, 0.99]",5,0.001,16,transformer_traintest_width_512_muP+fixRMS+fixEmbedLR+fixUnembed_lr_0.015625,True,cosine,0.01,False,mup-transformer-training,False,-1,0.03,transformer_traintest_width_512_muP+fixRMS+fixEmbedLR+fixUnembed_lr_0.015625,6.018362522125244,4.88517951965332,muP+fixRMS+fixEmbedLR+fixUnembed,512
211,588.595810063,2930,1731409100.0108318,{'runtime': 588},0.00390625,6.203481197357178,0.15084265172481537,6.382145404815674,0.015625,"[0.9, 0.99]",5,0.001,16,transformer_traintest_width_1024_muP_lr_0.015625,False,,0.01,False,mup-transformer-training,False,-1,0.03,transformer_traintest_width_1024_muP_lr_0.015625,6.382145404815674,5.765813827514648,muP no scheduler,1024
212,284.151035163,2930,1731408796.8035517,{'runtime': 284},0.0,4.66831111907959,0.19755712151527405,5.864314556121826,0.015625,"[0.9, 0.99]",5,0.001,16,transformer_traintest_width_512_muP+fixRMS_lr_0.015625,False,cosine,0.01,False,mup-transformer-training,False,-1,0.03,transformer_traintest_width_512_muP+fixRMS_lr_0.015625,5.8410563468933105,4.536465167999268,muP+fixRMS,512
213,574.967518464,2930,1731409227.4789696,{'runtime': 574},0.0,5.04246711730957,0.184354230761528,6.012225151062012,0.015625,"[0.9, 0.99]",5,0.001,16,transformer_traintest_width_1024_muP+fixRMS+fixEmbedLR_lr_0.015625,True,cosine,0.01,False,mup-transformer-training,False,-1,0.03,transformer_traintest_width_1024_muP+fixRMS+fixEmbedLR_lr_0.015625,5.991583347320557,4.836792469024658,muP+fixRMS+fixEmbedLR,1024
214,592.674667074,2930,1731409257.249092,{'runtime': 592},0.0,5.358286380767822,0.18272565305233,6.055206298828125,0.015625,"[0.9, 0.99]",5,0.001,16,transformer_traintest_width_1024_muP+fixRMS+fixEmbedLR+fixUnembed+fixWD_lr_0.015625,True,cosine,0.01,False,mup-transformer-training,True,-1,0.03,transformer_traintest_width_1024_muP+fixRMS+fixEmbedLR+fixUnembed+fixWD_lr_0.015625,6.0372796058654785,4.983099460601807,muP+fixRMS+fixEmbedLR+fixUnembed+fixWD,1024
215,583.439589151,2930,1731409281.1854992,{'runtime': 583},0.0,4.112030982971191,0.2283746600151062,5.608951568603516,0.015625,"[0.9, 0.99]",5,0.001,16,transformer_traintest_width_1024_muP_lr_0.015625,False,cosine,0.01,False,mup-transformer-training,False,-1,0.03,transformer_traintest_width_1024_muP_lr_0.015625,5.535630226135254,3.7690482139587402,muP,1024
216,588.222212742,2930,1731409339.5151608,{'runtime': 588},0.0,5.2915472984313965,0.18430157005786896,6.033702850341797,0.015625,"[0.9, 0.99]",5,0.001,16,transformer_traintest_width_1024_muP+fixRMS+fixEmbedLR+fixUnembed_lr_0.015625,True,cosine,0.01,False,mup-transformer-training,False,-1,0.03,transformer_traintest_width_1024_muP+fixRMS+fixEmbedLR+fixUnembed_lr_0.015625,6.009703636169434,4.903054237365723,muP+fixRMS+fixEmbedLR+fixUnembed,1024
217,581.657395477,2930,1731409401.602779,{'runtime': 581},0.0,5.276401519775391,0.1777710318565369,6.053740501403809,0.015625,"[0.9, 0.99]",5,0.001,16,transformer_traintest_width_1024_muP+fixRMS_lr_0.015625,False,cosine,0.01,False,mup-transformer-training,False,-1,0.03,transformer_traintest_width_1024_muP+fixRMS_lr_0.015625,6.053740501403809,4.964285850524902,muP+fixRMS,1024
218,1399.585750973,2930,1731410533.208422,{'runtime': 1399},0.001953125,5.6695427894592285,0.15581753849983215,6.329707622528076,0.015625,"[0.9, 0.99]",5,0.001,16,transformer_traintest_width_2048_muP_lr_0.015625,False,,0.01,False,mup-transformer-training,False,-1,0.03,transformer_traintest_width_2048_muP_lr_0.015625,6.329707622528076,5.6695427894592285,muP no scheduler,2048
219,1378.489355437,2930,1731410629.9165592,{'runtime': 1378},0.0,4.873222351074219,0.1874493658542633,5.954498767852783,0.015625,"[0.9, 0.99]",5,0.001,16,transformer_traintest_width_2048_muP+fixRMS+fixEmbedLR_lr_0.015625,True,cosine,0.01,False,mup-transformer-training,False,-1,0.03,transformer_traintest_width_2048_muP+fixRMS+fixEmbedLR_lr_0.015625,5.949695587158203,4.709110260009766,muP+fixRMS+fixEmbedLR,2048
220,1421.381634125,2930,1731410703.6235518,{'runtime': 1421},0.0,4.787069320678711,0.1958475112915039,5.939949989318848,0.015625,"[0.9, 0.99]",5,0.001,16,transformer_traintest_width_2048_muP+fixRMS+fixEmbedLR+fixUnembed+fixWD_lr_0.015625,True,cosine,0.01,False,mup-transformer-training,True,-1,0.03,transformer_traintest_width_2048_muP+fixRMS+fixEmbedLR+fixUnembed+fixWD_lr_0.015625,5.906328201293945,4.571798324584961,muP+fixRMS+fixEmbedLR+fixUnembed+fixWD,2048
221,1394.420283119,2930,1731410700.6901512,{'runtime': 1394},0.0,4.16323184967041,0.21978609263896945,5.634608745574951,0.015625,"[0.9, 0.99]",5,0.001,16,transformer_traintest_width_2048_muP_lr_0.015625,False,cosine,0.01,False,mup-transformer-training,False,-1,0.03,transformer_traintest_width_2048_muP_lr_0.015625,5.591233253479004,3.898206949234009,muP,2048
222,1412.232361885,2930,1731410778.0464363,{'runtime': 1412},0.0,5.144475936889648,0.1941419541835785,5.945960521697998,0.015625,"[0.9, 0.99]",5,0.001,16,transformer_traintest_width_2048_muP+fixRMS+fixEmbedLR+fixUnembed_lr_0.015625,True,cosine,0.01,False,mup-transformer-training,False,-1,0.03,transformer_traintest_width_2048_muP+fixRMS+fixEmbedLR+fixUnembed_lr_0.015625,5.90740966796875,4.647698402404785,muP+fixRMS+fixEmbedLR+fixUnembed,2048
223,1394.167853795,2930,1731410820.790561,{'runtime': 1394},0.0,5.423497676849365,0.18284718692302704,5.940120220184326,0.015625,"[0.9, 0.99]",5,0.001,16,transformer_traintest_width_2048_muP+fixRMS_lr_0.015625,False,cosine,0.01,False,mup-transformer-training,False,-1,0.03,transformer_traintest_width_2048_muP+fixRMS_lr_0.015625,5.940120220184326,4.97658109664917,muP+fixRMS,2048
